CD_MUN,NM_MUN_x,População_total_2021,Total_confirmados_anual,Total_confirmados_autóctones,Total_confirmados_importados,Janeiro_confirmados_total,Fevereiro_confirmados_total,Março_confirmados_total,Abril_confirmados_total,Maio_confirmados_total,Junho_confirmados_total,Julho_confirmados_total,Agosto_confirmados_total,Setembro_confirmados_total,Outubro_confirmados_total,Novembro_confirmados_total,Dezembro_confirmados_total,Taxa_incidência_mil,Classificação_incidência
3500105,Adamantina,35153,1358,1357,1,9,7,128,430,468,95,40,21,11,12,39,98,386.0,Alta
3500204,Adolfo,3545,176,176,0,49,28,48,34,14,2,0,0,0,0,0,1,496.0,Alta
3500303,Aguaí,36981,6,5,1,2,1,1,1,1,0,0,0,0,0,0,0,2.0,Baixa
3500402,Águas da Prata,8262,0,0,0,0,0,0,0,0,0,0,0,0,0,0,0,0.0,Baixa
3500501,Águas de Lindóia,18908,22,11,11,0,0,1,6,12,3,0,0,0,0,0,0,12.0,Baixa
3500550,Águas de Santa Bárbara,6142,50,46,4,0,0,1,12,32,2,2,1,0,0,0,0,81.0,Baixa
3500600,Águas de São Pedro,3588,24,16,8,0,1,3,11,6,3,0,0,0,0,0,0,67.0,Baixa
3500709,Agudos,37582,260,253,7,2,0,35,76,96,20,13,5,2,1,4,6,69.0,Baixa
3500758,Alambari,6231,1,1,0,0,0,0,1,0,0,0,0,0,0,0,0,2.0,Baixa
3500808,Alfredo Marcondes,4201,305,189,116,5,1,0,6,20,14,5,4,2,7,82,159,726.0,Alta
3500907,Altair,4211,39,31,8,3,5,16,13,1,0,1,0,0,0,0,0,93.0,Baixa
3501004,Altinópolis,16221,10,6,4,0,0,2,5,3,0,0,0,0,0,0,0,6.0,Baixa
3501103,Alto Alegre,4078,339,329,10,104,77,99,37,22,0,0,0,0,0,0,0,831.0,Alta
3501152,Alumínio,18903,7,4,3,0,0,4,2,1,0,0,0,0,0,0,0,4.0,Baixa
3501202,Álvares Florence,3616,438,437,1,34,101,183,78,17,8,0,0,0,1,1,15,1211.0,Alta
3501301,Álvares Machado,25078,658,651,7,4,2,5,21,65,21,31,25,27,41,130,286,262.0,Média
3501400,Álvaro de Carvalho,5320,107,105,2,0,2,9,48,34,12,1,1,0,0,0,0,201.0,Média
3501509,Alvinlândia,3251,16,14,2,0,0,0,3,12,0,0,0,0,0,1,0,49.0,Baixa
3501608,Americana,244370,4310,4299,11,10,76,819,1667,1313,253,86,35,17,19,6,9,176.0,Média
3501707,Américo Brasiliense,41545,3410,3390,20,6,113,798,1448,836,127,48,16,4,6,3,5,821.0,Alta
3501806,Américo de Campos,5993,428,418,10,8,111,140,111,49,8,0,0,0,0,1,0,714.0,Alta
3501905,Amparo,73145,28,20,8,0,0,1,11,12,3,0,0,1,0,0,0,4.0,Baixa
3502002,Analândia,5115,45,39,6,0,0,0,9,24,10,0,1,0,0,0,1,88.0,Baixa
3502101,Andradina,57245,1961,1960,1,9,35,165,662,843,187,21,8,3,7,11,10,343.0,Alta
3502200,Angatuba,25724,11,8,3,1,0,2,3,2,0,3,0,0,0,0,0,4.0,Baixa
3502309,Anhembi,6911,8,8,0,1,0,1,3,3,0,0,0,0,0,0,0,12.0,Baixa
3502408,Anhumas,4172,292,289,3,0,2,17,118,85,49,11,4,0,1,3,2,700.0,Alta
3502507,Aparecida,36211,42,41,1,0,1,5,10,18,5,1,0,0,1,0,1,12.0,Baixa
3502606,Aparecida d'Oeste,4122,386,376,10,3,21,151,146,49,7,1,7,0,1,0,0,936.0,Alta
3502705,Apiaí,24081,5,3,2,0,1,2,1,0,0,0,0,0,0,1,0,2.0,Baixa
3502754,Araçariguama,23343,5,1,4,0,0,1,3,1,0,0,0,0,0,0,0,2.0,Baixa
3502804,Araçatuba,199210,2822,2811,11,66,142,746,1079,422,172,63,32,26,36,19,19,142.0,Média
3502903,Araçoiaba da Serra,35389,18,14,4,0,0,6,2,7,1,0,0,0,1,0,1,5.0,Baixa
3503000,Aramina,5689,10,9,1,0,0,4,5,1,0,0,0,0,0,0,0,18.0,Baixa
3503109,Arandu,6373,0,0,0,0,0,0,0,0,0,0,0,0,0,0,0,0.0,Baixa
3503158,Arapeí,2452,0,0,0,0,0,0,0,0,0,0,0,0,0,0,0,0.0,Baixa
3503208,Araraquara,240542,20928,20804,124,152,731,5309,8055,4923,1228,322,85,65,26,18,14,870.0,Alta
3503307,Araras,136739,2937,2917,20,36,179,746,1169,692,88,13,7,3,1,3,0,215.0,Média
3503356,Arco-Íris,1755,106,104,2,0,2,7,19,27,14,8,3,9,2,7,8,604.0,Alta
3503406,Arealva,8665,41,40,1,0,0,0,3,10,5,11,7,4,0,1,0,47.0,Baixa
3503505,Areias,3906,0,0,0,0,0,0,0,0,0,0,0,0,0,0,0,0.0,Baixa
3503604,Areiópolis,11186,15,14,1,0,1,2,4,4,2,0,2,0,0,0,0,13.0,Baixa
3503703,Ariranha,9851,66,66,0,2,3,9,23,19,7,2,0,0,0,0,1,67.0,Baixa
3503802,Artur Nogueira,56247,272,265,7,0,15,37,89,73,43,8,5,0,1,1,0,48.0,Baixa
3503901,Arujá,92453,87,85,2,0,3,4,40,35,5,0,0,0,0,0,0,9.0,Baixa
3503950,Aspásia,1815,199,195,4,4,19,36,80,52,6,2,0,0,0,0,0,1096.0,Alta
3504008,Assis,105768,466,463,3,15,8,41,121,146,42,27,23,11,9,9,14,44.0,Baixa
3504107,Atibaia,145378,1121,1115,6,5,4,24,279,344,167,93,60,49,40,30,26,77.0,Baixa
3504206,Auriflama,15316,290,284,6,3,8,66,187,20,1,4,0,0,0,1,0,189.0,Média
3504305,Avaí,5467,43,41,2,0,3,11,1,2,7,4,8,2,2,2,1,79.0,Baixa
3504404,Avanhandava,14063,297,297,0,1,5,89,121,31,29,8,8,1,1,0,3,211.0,Média
3504503,Avaré,91792,94,93,1,0,2,4,42,32,7,5,2,0,0,0,0,10.0,Baixa
3504602,Bady Bassitt,18013,339,171,168,41,37,58,105,33,32,13,4,3,4,5,4,188.0,Média
3504701,Balbinos,6127,6,6,0,0,0,0,0,1,1,0,1,0,2,1,0,10.0,Baixa
3504800,Bálsamo,9209,448,448,0,2,26,137,214,49,13,2,0,0,2,2,1,486.0,Alta
3504909,Bananal,11039,2,0,2,1,0,0,0,0,1,0,0,0,0,0,0,2.0,Baixa
3505005,Barão de Antonina,3525,95,93,2,0,0,6,40,47,1,0,0,1,0,0,0,270.0,Média
3505104,Barbosa,7532,75,73,2,5,4,26,39,1,0,0,0,0,0,0,0,100.0,Média
3505203,Bariri,35844,20,14,6,0,0,0,5,11,4,0,0,0,0,0,0,6.0,Baixa
3505302,Barra Bonita,36125,343,272,71,0,2,34,177,100,24,6,0,0,0,0,0,95.0,Baixa
3505351,Barra do Chapéu,5794,0,0,0,0,0,0,0,0,0,0,0,0,0,0,0,0.0,Baixa
3505401,Barra do Turvo,7606,12,12,0,0,1,0,3,3,2,2,1,0,0,0,0,16.0,Baixa
3505500,Barretos,123546,2021,2018,3,6,18,138,658,680,224,235,29,12,7,7,7,164.0,Média
3505609,Barrinha,33537,387,383,4,2,6,54,184,84,36,14,3,2,0,0,2,115.0,Média
3505708,Barueri,279704,58,45,13,4,7,11,13,15,5,3,0,0,0,0,0,2.0,Baixa
3505807,Bastos,20952,652,652,0,1,1,62,193,248,81,29,14,7,1,0,15,311.0,Alta
3505906,Batatais,63438,1337,1245,92,0,10,77,435,620,177,13,2,2,0,0,1,211.0,Média
3506003,Bauru,381706,3831,3820,11,26,54,508,1349,1057,332,194,138,49,19,36,69,100.0,Média
3506102,Bebedouro,77612,528,526,2,0,6,83,204,181,42,5,6,0,1,0,0,68.0,Baixa
3506201,Bento de Abreu,3028,67,58,9,1,0,6,10,29,15,6,0,0,0,0,0,221.0,Média
3506300,Bernardino de Campos,11168,7,7,0,0,0,2,1,2,2,0,0,0,0,0,0,6.0,Baixa
3506359,Bertioga,66154,146,144,2,4,0,4,18,40,39,19,10,2,3,2,5,22.0,Baixa
3506409,Bilac,8197,163,161,2,7,16,50,76,9,3,1,0,0,0,0,1,199.0,Média
3506508,Birigui,126094,9636,9546,90,77,308,2463,3569,2090,594,276,92,70,38,35,24,764.0,Alta
3506607,Biritiba Mirim,33265,54,49,5,2,0,3,30,16,1,1,0,0,0,0,1,16.0,Baixa
3506706,Boa Esperança do Sul,15111,758,755,3,0,0,27,133,348,131,41,11,5,6,24,32,502.0,Alta
3506805,Bocaina,12571,309,309,0,0,2,53,129,104,17,2,0,0,0,1,1,246.0,Média
3506904,Bofete,12107,4,2,2,0,0,0,1,1,1,1,0,0,0,0,0,3.0,Baixa
3507001,Boituva,63310,88,84,4,2,1,15,34,21,6,2,1,1,1,1,3,14.0,Baixa
3507100,Bom Jesus dos Perdões,26506,56,56,0,0,0,1,10,16,7,5,5,5,2,3,2,21.0,Baixa
3507159,Bom Sucesso de Itararé,4013,1,0,1,0,0,0,0,1,0,0,0,0,0,0,0,2.0,Baixa
3507209,Borá,839,66,64,2,17,22,14,7,5,1,0,0,0,0,0,0,787.0,Alta
3507308,Boracéia,4913,19,18,1,0,0,0,2,10,5,2,0,0,0,0,0,39.0,Baixa
3507407,Borborema,16278,1533,1528,5,4,28,247,641,493,91,4,7,2,6,4,6,942.0,Alta
3507456,Borebi,2713,167,133,34,1,2,32,92,29,2,3,4,1,0,1,0,616.0,Alta
3507506,Botucatu,149718,272,244,28,2,1,50,92,77,16,15,3,4,3,2,7,18.0,Baixa
3507605,Bragança Paulista,172346,251,234,17,1,1,14,95,85,24,16,2,6,4,3,0,15.0,Baixa
3507704,Braúna,5795,295,295,0,27,80,104,53,27,2,1,0,1,0,0,0,509.0,Alta
3507753,Brejo Alegre,2911,147,146,1,2,7,67,68,1,1,1,0,0,0,0,0,505.0,Alta
3507803,Brodowski,25605,66,64,2,0,0,9,34,8,7,2,2,2,2,0,0,26.0,Baixa
3507902,Brotas,24862,345,321,24,0,2,15,121,114,48,21,4,6,9,4,1,139.0,Média
3508009,Buri,20050,4,3,1,1,1,0,1,0,1,0,0,0,0,0,0,2.0,Baixa
3508108,Buritama,17414,1657,1654,3,471,474,401,178,73,15,13,20,4,6,1,1,952.0,Alta
3508207,Buritizal,4547,44,43,1,1,4,9,13,15,0,2,0,0,0,0,0,97.0,Baixa
3508306,Cabrália Paulista,4222,45,43,2,0,0,6,23,14,2,0,0,0,0,0,0,107.0,Média
3508405,Cabreúva,51130,35,33,2,2,0,1,11,7,6,2,4,0,0,0,2,7.0,Baixa
3508504,Caçapava,95752,101,92,9,1,1,8,28,42,13,4,1,2,0,1,0,11.0,Baixa
3508603,Cachoeira Paulista,33827,15,15,0,1,0,2,4,3,1,1,2,1,0,0,0,4.0,Baixa
3508702,Caconde,19031,5,5,0,1,0,0,1,1,1,0,0,0,0,1,0,3.0,Baixa
3508801,Cafelândia,17917,80,79,1,3,0,15,30,26,5,0,1,0,0,0,0,45.0,Baixa
3508900,Caiabu,4195,66,40,26,0,0,0,12,26,3,6,2,5,6,6,0,157.0,Média
3509007,Caieiras,104044,82,80,2,0,0,14,42,22,1,1,0,0,0,1,1,8.0,Baixa
3509106,Caiuá,6017,48,47,1,0,0,4,11,21,8,1,3,0,0,0,0,80.0,Baixa
3509205,Cajamar,79034,139,48,91,1,5,17,36,51,17,6,2,0,3,1,0,18.0,Baixa
3509254,Cajati,28441,3,3,0,1,0,1,0,1,0,0,0,0,0,0,0,1.0,Baixa
3509304,Cajobi,10649,234,231,3,2,1,24,68,88,27,5,6,4,3,5,1,220.0,Média
3509403,Cajuru,26613,3,3,0,1,0,1,0,1,0,0,0,0,0,0,0,1.0,Baixa
3509452,Campina do Monte Alegre,6088,0,0,0,0,0,0,0,0,0,0,0,0,0,0,0,0.0,Baixa
3509502,Campinas,1223237,11275,11241,34,57,145,1167,4243,3757,1057,363,200,102,73,45,66,92.0,Baixa
3509601,Campo Limpo Paulista,86407,106,102,4,3,3,9,36,36,8,4,2,0,2,1,2,12.0,Baixa
3509700,Campos do Jordão,52713,4,0,4,1,1,1,1,0,0,0,0,0,0,0,0,1.0,Baixa
3509809,Campos Novos Paulista,5028,207,207,0,1,2,34,84,70,13,2,0,1,0,0,0,412.0,Alta
3509908,Cananéia,12542,2,2,0,0,0,1,0,0,0,0,1,0,0,0,0,2.0,Baixa
3509957,Canas,5268,0,0,0,0,0,0,0,0,0,0,0,0,0,0,0,0.0,Baixa
3510005,Cândido Mota,31410,60,53,7,3,7,5,14,13,8,2,0,2,0,4,2,19.0,Baixa
3510104,Cândido Rodrigues,2805,53,53,0,0,0,0,0,5,12,12,12,8,3,1,0,189.0,Média
3510153,Canitar,5365,59,53,6,0,0,2,30,15,7,3,1,1,0,0,0,110.0,Média
3510203,Capão Bonito,47098,27,18,9,0,0,9,10,4,2,0,0,0,0,1,1,6.0,Baixa
3510302,Capela do Alto,21257,23,10,13,0,0,2,2,10,5,1,2,0,0,0,1,11.0,Baixa
3510401,Capivari,56973,127,126,1,1,1,10,40,59,13,2,0,1,0,0,0,22.0,Baixa
3510500,Caraguatatuba,125194,224,217,7,16,4,13,35,41,38,23,11,5,10,21,7,18.0,Baixa
3510609,Carapicuíba,405375,152,148,4,2,3,26,51,47,16,3,2,0,0,2,0,4.0,Baixa
3510708,Cardoso,12371,224,223,1,13,23,81,80,15,1,2,0,1,2,4,2,181.0,Média
3510807,Casa Branca,30655,5,4,1,1,0,0,0,3,0,1,0,0,0,0,0,2.0,Baixa
3510906,Cássia dos Coqueiros,2488,16,11,5,1,0,3,5,5,2,0,0,0,0,0,0,64.0,Baixa
3511003,Castilho,21521,571,570,1,5,30,83,160,162,29,20,20,10,6,18,28,265.0,Média
3511102,Catanduva,123114,3731,3695,36,40,95,611,1293,1010,355,113,80,34,45,26,29,303.0,Alta
3511201,Catiguá,7905,261,258,3,0,8,40,119,72,13,2,0,2,0,3,2,330.0,Alta
3511300,Cedral,9452,846,731,115,26,19,85,243,278,80,51,28,8,12,8,8,895.0,Alta
3511409,Cerqueira César,20391,12,11,1,0,0,0,6,3,0,1,1,0,0,1,0,6.0,Baixa
3511508,Cerquilho,50631,247,220,27,0,0,41,92,90,9,8,2,1,1,2,1,49.0,Baixa
3511607,Cesário Lange,18595,178,175,3,0,2,17,15,43,35,47,18,0,1,0,0,96.0,Baixa
3511706,Charqueada,17539,559,555,4,0,11,88,300,116,27,9,5,2,0,1,0,319.0,Alta
3511904,Clementina,8894,243,240,3,6,21,115,50,45,6,0,0,0,0,0,0,273.0,Média
3512001,Colina,18601,164,156,8,2,4,21,32,86,7,2,4,1,4,0,1,88.0,Baixa
3512100,Colômbia,6223,214,210,4,0,0,31,55,54,66,7,0,1,0,0,0,344.0,Alta
3512209,Conchal,28491,34,33,1,2,1,1,7,20,2,1,0,0,0,0,0,12.0,Baixa
3512308,Conchas,18138,2,2,0,0,0,0,0,2,0,0,0,0,0,0,0,1.0,Baixa
3512407,Cordeirópolis,25116,549,546,3,12,10,61,136,165,84,27,20,5,14,10,5,219.0,Média
3512506,Coroados,6197,476,469,7,3,34,176,177,66,11,4,2,0,1,0,2,768.0,Alta
3512605,Coronel Macedo,4591,0,0,0,0,0,0,0,0,0,0,0,0,0,0,0,0.0,Baixa
3512704,Corumbataí,4072,21,18,3,0,0,4,3,6,6,1,0,0,0,0,1,52.0,Baixa
3512803,Cosmópolis,74662,513,505,8,1,6,79,217,168,31,7,2,1,0,1,0,69.0,Baixa
3512902,Cosmorama,7289,237,233,4,184,30,1,1,1,0,0,0,0,3,7,10,325.0,Alta
3513009,Cotia,257882,259,246,13,0,2,25,124,96,6,4,0,2,0,0,0,10.0,Baixa
3513108,Cravinhos,35858,51,51,0,0,1,5,18,16,9,1,0,0,0,0,1,14.0,Baixa
3513207,Cristais Paulista,8803,60,56,4,0,2,16,24,15,3,0,0,0,0,0,0,68.0,Baixa
3513306,Cruzália,2021,26,26,0,0,1,5,16,2,1,0,1,0,0,0,0,129.0,Média
3513405,Cruzeiro,82895,15,15,0,4,0,3,1,3,0,0,1,0,1,0,2,2.0,Baixa
3513504,Cubatão,132521,47,47,0,10,3,1,3,10,3,3,4,3,2,2,3,4.0,Baixa
3513603,Cunha,21373,1,0,1,0,0,0,0,0,0,0,0,0,1,0,0,0.0,Baixa
3513702,Descalvado,34097,848,842,6,3,6,101,330,309,75,21,1,0,2,0,0,249.0,Média
3513801,Diadema,429550,175,154,21,1,5,21,58,68,7,3,2,0,8,2,0,4.0,Baixa
3513850,Dirce Reis,1805,242,235,7,24,79,99,29,8,3,0,0,0,0,0,0,1341.0,Alta
3513900,Divinolândia,11027,11,7,4,0,0,0,10,1,0,0,0,0,0,0,0,10.0,Baixa
3514007,Dobrada,9088,271,256,15,0,1,11,66,141,44,4,3,1,0,0,0,298.0,Média
3514106,Dois Córregos,27704,62,58,4,0,0,3,30,21,3,1,1,2,0,1,0,22.0,Baixa
3514205,Dolcinópolis,2108,221,216,5,0,4,49,64,94,4,5,1,0,0,0,0,1048.0,Alta
3514304,Dourado,8883,218,209,9,1,0,4,50,106,38,15,2,0,1,0,1,245.0,Média
3514403,Dracena,47287,1771,1754,17,48,66,405,639,409,95,48,36,11,2,2,10,375.0,Alta
3514502,Duartina,12421,671,670,1,3,46,271,279,72,0,0,0,0,0,0,0,540.0,Alta
3514601,Dumont,10174,210,208,2,3,2,8,45,106,31,3,4,6,2,0,0,206.0,Média
3514700,Echaporã,6026,36,34,2,0,0,0,4,13,0,0,0,0,0,3,16,60.0,Baixa
3514809,Eldorado,15592,0,0,0,0,0,0,0,0,0,0,0,0,0,0,0,0.0,Baixa
3514908,Elias Fausto,18095,11,10,1,0,2,1,5,3,0,0,0,0,0,0,0,6.0,Baixa
3514924,Elisiário,3742,183,179,4,0,2,29,68,64,11,5,4,0,0,0,0,489.0,Alta
3514957,Embaúba,2446,253,251,2,0,11,79,131,31,1,0,0,0,0,0,0,1034.0,Alta
3515004,Embu das Artes,279264,56,48,8,0,3,10,17,18,5,1,1,0,0,0,1,2.0,Baixa
3515103,Embu-Guaçu,70402,7,6,1,1,0,0,3,1,0,1,0,0,0,1,0,1.0,Baixa
3515129,Emilianópolis,3238,21,19,2,0,0,0,3,10,0,0,0,0,0,7,1,65.0,Baixa
3515152,Engenheiro Coelho,21712,43,43,0,5,6,2,8,9,6,1,2,2,0,1,1,20.0,Baixa
3515186,Espírito Santo do Pinhal,44607,682,674,8,0,6,106,268,263,25,9,2,2,1,0,0,153.0,Média
3515194,Espírito Santo do Turvo,4926,192,187,5,0,9,85,62,34,2,0,0,0,0,0,0,390.0,Alta
3515202,Estrela d'Oeste,8420,370,368,2,1,1,52,133,141,30,8,3,0,0,0,1,439.0,Alta
3515301,Estrela do Norte,2774,37,37,0,1,0,1,13,14,6,0,0,0,1,0,1,133.0,Média
3515350,Euclides da Cunha Paulista,9280,654,654,0,1,19,47,159,246,109,34,20,3,11,5,0,705.0,Alta
3515400,Fartura,16102,77,72,5,0,0,0,22,41,7,5,0,0,0,0,2,48.0,Baixa
3515509,Fernandópolis,69680,915,914,1,15,59,181,249,216,137,43,7,3,1,3,1,131.0,Média
3515608,Fernando Prestes,5805,70,65,5,0,0,4,23,22,4,4,2,3,3,2,3,121.0,Média
3515657,Fernão,1739,24,16,8,0,0,7,9,7,0,0,1,0,0,0,0,138.0,Média
3515707,Ferraz de Vasconcelos,198661,198,194,4,3,1,7,46,103,33,2,1,0,2,0,0,10.0,Baixa
3515806,Flora Rica,1397,0,0,0,0,0,0,0,0,0,0,0,0,0,0,0,0.0,Baixa
3515905,Floreal,2884,299,295,4,6,29,104,102,49,7,2,0,0,0,0,0,1037.0,Alta
3516002,Flórida Paulista,14936,231,228,3,3,2,14,81,76,24,13,10,0,1,3,4,155.0,Média
3516101,Florínea,2631,8,5,3,1,0,0,3,0,0,2,2,0,0,0,0,30.0,Baixa
3516200,Franca,358539,7109,7073,36,54,478,2776,2060,1471,177,32,18,6,9,9,19,198.0,Média
3516309,Francisco Morato,179372,52,52,0,1,1,6,25,17,0,1,1,0,0,0,0,3.0,Baixa
3516408,Franco da Rocha,158438,90,84,6,0,0,9,29,29,12,4,1,3,1,0,2,6.0,Baixa
3516507,Gabriel Monteiro,2776,478,476,2,54,91,174,101,42,13,3,0,0,0,0,0,1722.0,Alta
3516606,Gália,6419,307,305,2,8,42,149,86,20,0,0,1,0,0,0,1,478.0,Alta
3516705,Garça,44429,8064,8042,22,31,192,2514,3437,1495,214,69,33,12,28,18,21,1815.0,Alta
3516804,Gastão Vidigal,4911,298,296,2,85,127,76,9,0,0,0,0,0,0,1,0,607.0,Alta
3516853,Gavião Peixoto,4841,265,181,84,0,0,12,119,101,24,3,4,2,0,0,0,547.0,Alta
3516903,General Salgado,10855,1205,1201,4,27,118,476,431,132,14,2,3,0,1,1,0,1110.0,Alta
3517000,Getulina,11485,33,32,1,1,1,6,5,13,2,2,0,1,1,1,0,29.0,Baixa
3517109,Glicério,4842,334,332,2,3,4,59,142,104,18,2,2,0,0,0,0,690.0,Alta
3517208,Guaiçara,12416,99,98,1,0,4,9,34,33,7,3,1,0,0,1,7,80.0,Baixa
3517307,Guaimbê,5806,126,126,0,1,0,13,59,29,11,3,6,1,2,0,1,217.0,Média
3517406,Guaíra,41283,454,454,0,0,1,26,101,137,79,51,30,9,7,6,7,110.0,Média
3517505,Guapiaçu,22087,595,572,23,13,19,89,285,135,21,5,2,4,6,6,10,269.0,Média
3517604,Guapiara,16896,1,0,1,0,0,0,1,0,0,0,0,0,0,0,0,1.0,Baixa
3517703,Guará,21394,1,1,0,0,0,0,0,1,0,0,0,0,0,0,0,0.0,Baixa
3517802,Guaraçaí,8258,1349,1340,9,3,63,383,610,234,40,4,8,2,0,0,2,1634.0,Alta
3517901,Guaraci,11382,158,153,5,101,38,13,2,1,1,0,0,0,2,0,0,139.0,Média
3518008,Guarani d'Oeste,1996,41,41,0,0,0,0,4,0,0,1,0,0,5,8,23,205.0,Média
3518107,Guarantã,6685,18,18,0,5,1,1,6,2,2,0,0,0,1,0,0,27.0,Baixa
3518206,Guararapes,33257,810,809,1,8,10,87,279,262,86,44,17,6,5,3,3,244.0,Média
3518305,Guararema,30465,15,15,0,0,0,2,4,7,1,0,0,1,0,0,0,5.0,Baixa
3518404,Guaratinguetá,123192,51,50,1,3,4,9,5,5,8,2,4,0,5,2,4,4.0,Baixa
3518503,Guareí,19244,4,1,3,0,0,0,3,1,0,0,0,0,0,0,0,2.0,Baixa
3518602,Guariba,40857,1072,1046,26,1,13,81,305,478,185,7,1,0,0,0,1,262.0,Média
3518701,Guarujá,324977,86,81,5,9,3,6,11,15,4,4,2,3,9,10,10,3.0,Baixa
3518800,Guarulhos,1404694,1071,1048,23,27,24,95,387,376,61,21,11,7,11,28,23,8.0,Baixa
3518859,Guatapará,7760,55,55,0,0,0,0,7,4,7,7,0,0,2,4,24,71.0,Baixa
3518909,Guzolândia,5346,85,85,0,0,9,31,21,17,5,1,0,0,0,0,1,159.0,Média
3519006,Herculândia,9649,243,239,4,4,2,19,64,88,36,17,7,3,1,1,1,252.0,Média
3519055,Holambra,15605,136,125,11,1,1,16,62,46,7,0,1,0,2,0,0,87.0,Baixa
3519071,Hortolândia,237570,1145,1139,6,17,37,161,407,313,75,45,22,12,23,14,19,48.0,Baixa
3519105,Iacanga,12002,183,162,21,1,2,8,39,70,23,14,6,0,4,4,12,152.0,Média
3519204,Iacri,6269,351,351,0,14,7,15,176,72,9,2,7,4,7,17,21,560.0,Alta
3519253,Iaras,9786,252,245,7,0,0,28,124,91,8,1,0,0,0,0,0,258.0,Média
3519303,Ibaté,35830,1382,1367,15,0,22,230,383,512,159,54,19,1,1,0,1,386.0,Alta
3519402,Ibirá,12639,841,836,5,0,8,126,408,253,30,11,5,0,0,0,0,665.0,Alta
3519501,Ibirarema,7926,2,1,1,0,0,0,0,1,0,0,0,0,0,0,1,3.0,Baixa
3519600,Ibitinga,61150,504,502,2,0,3,55,163,179,45,40,10,4,0,2,3,82.0,Baixa
3519709,Ibiúna,80062,9,6,3,0,0,2,2,3,1,0,0,0,1,0,0,1.0,Baixa
3519808,Icém,8363,178,176,2,61,42,36,21,12,3,2,0,0,1,0,0,213.0,Média
3519907,Iepê,8228,126,124,2,1,0,1,6,51,9,5,8,4,3,3,35,153.0,Média
3520004,Igaraçu do Tietê,24821,43,29,14,0,0,2,18,20,3,0,0,0,0,0,0,17.0,Baixa
3520103,Igarapava,30791,70,70,0,2,0,2,6,19,11,6,7,7,2,5,3,23.0,Baixa
3520202,Igaratá,9631,5,4,1,1,0,1,1,2,0,0,0,0,0,0,0,5.0,Baixa
3520301,Iguape,31117,8,8,0,1,0,0,2,3,2,0,0,0,0,0,0,3.0,Baixa
3520400,Ilhabela,36194,430,406,24,113,42,28,64,44,58,46,12,15,8,0,0,119.0,Média
3520426,Ilha Comprida,11552,4,4,0,0,0,0,3,1,0,0,0,0,0,0,0,3.0,Baixa
3520442,Ilha Solteira,26886,58,57,1,0,4,7,8,13,4,9,3,0,1,3,6,22.0,Baixa
3520509,Indaiatuba,260690,1382,1372,10,3,26,147,681,402,91,21,8,0,1,1,1,53.0,Baixa
3520608,Indiana,4873,242,234,8,1,0,4,39,111,53,25,0,1,0,2,6,497.0,Alta
3520707,Indiaporã,3876,12,5,7,0,0,1,4,2,2,2,0,1,0,0,0,31.0,Baixa
3520806,Inúbia Paulista,4045,278,278,0,1,1,24,75,59,24,28,6,3,8,13,36,687.0,Alta
3520905,Ipaussu,15165,29,18,11,0,0,1,11,11,4,0,1,0,0,0,1,19.0,Baixa
3521002,Iperó,38771,13,13,0,0,0,1,6,3,2,0,0,0,1,0,0,3.0,Baixa
3521101,Ipeúna,7824,46,46,0,2,0,5,10,15,4,6,1,2,1,0,0,59.0,Baixa
3521150,Ipiguá,5557,46,42,4,1,3,11,8,13,3,0,2,1,1,0,3,83.0,Baixa
3521200,Iporanga,4180,0,0,0,0,0,0,0,0,0,0,0,0,0,0,0,0.0,Baixa
3521309,Ipuã,16794,83,81,2,3,0,22,18,7,9,4,0,1,6,11,2,49.0,Baixa
3521408,Iracemápolis,24982,87,82,5,5,0,5,34,33,9,0,1,0,0,0,0,35.0,Baixa
3521507,Irapuã,8101,9,8,1,0,0,1,5,3,0,0,0,0,0,0,0,11.0,Baixa
3521606,Irapuru,8356,151,150,1,1,0,2,31,27,19,20,19,3,6,7,16,181.0,Média
3521705,Itaberá,17405,8,7,1,0,0,2,2,3,1,0,0,0,0,0,0,5.0,Baixa
3521804,Itaí,27632,4,3,1,0,0,0,1,0,0,1,0,1,1,0,0,1.0,Baixa
3521903,Itajobi,15331,1218,1213,5,22,90,504,440,140,20,1,0,0,0,0,1,794.0,Alta
3522000,Itaju,3937,17,17,0,0,0,0,0,9,1,6,1,0,0,0,0,43.0,Baixa
3522109,Itanhaém,104351,98,98,0,4,1,12,25,28,17,4,0,3,2,2,0,9.0,Baixa
3522158,Itaoca,3332,1,0,1,0,0,0,1,0,0,0,0,0,0,0,0,3.0,Baixa
3522208,Itapecerica da Serra,179574,10,10,0,1,2,1,4,1,0,0,0,0,0,1,0,1.0,Baixa
3522307,Itapetininga,167106,69,66,3,2,2,8,19,23,7,3,2,0,1,1,1,4.0,Baixa
3522406,Itapeva,95241,638,595,43,0,3,39,263,290,29,8,0,0,2,2,2,67.0,Baixa
3522505,Itapevi,244131,49,45,4,0,0,2,13,26,3,4,0,1,0,0,0,2.0,Baixa
3522604,Itapira,75683,122,116,6,1,2,5,42,52,13,1,2,1,1,0,2,16.0,Baixa
3522653,Itapirapuã Paulista,4294,1,1,0,0,0,0,0,0,1,0,0,0,0,0,0,2.0,Baixa
3522703,Itápolis,43536,291,291,0,1,0,6,38,76,37,19,13,10,7,29,55,67.0,Baixa
3522802,Itaporanga,15197,473,465,8,0,10,122,219,106,11,2,3,0,0,0,0,311.0,Alta
3522901,Itapuí,14297,140,140,0,0,0,3,51,56,18,7,3,0,1,1,0,98.0,Baixa
3523008,Itapura,4994,27,27,0,6,0,0,6,5,6,1,1,1,0,0,1,54.0,Baixa
3523107,Itaquaquecetuba,379082,359,352,7,0,4,49,157,122,14,3,1,0,5,1,3,9.0,Baixa
3523206,Itararé,50778,66,65,1,1,1,5,18,34,4,1,0,0,0,2,0,13.0,Baixa
3523305,Itariri,17754,1,1,0,0,0,0,0,1,0,0,0,0,0,0,0,1.0,Baixa
3523404,Itatiba,124254,223,222,1,0,2,29,102,78,10,1,1,0,0,0,0,18.0,Baixa
3523503,Itatinga,21139,4,2,2,1,0,0,1,1,1,0,0,0,0,0,0,2.0,Baixa
3523602,Itirapina,18610,72,72,0,0,0,6,32,27,4,1,0,0,0,2,0,39.0,Baixa
3523701,Itirapuã,6587,188,184,4,0,11,85,62,26,1,0,1,1,1,0,0,285.0,Média
3523800,Itobi,7862,2,1,1,1,0,0,0,1,0,0,0,0,0,0,0,3.0,Baixa
3523909,Itu,177150,503,497,6,2,3,55,161,204,48,16,3,1,1,2,7,28.0,Baixa
3524006,Itupeva,64330,161,160,1,0,7,23,81,35,11,0,0,1,2,0,1,25.0,Baixa
3524105,Ituverava,42259,514,512,2,1,1,45,138,226,62,18,7,5,3,0,8,122.0,Média
3524204,Jaborandi,6963,82,76,6,1,0,0,8,21,16,10,15,6,3,0,2,118.0,Média
3524303,Jaboticabal,78029,462,460,2,3,8,53,158,158,40,26,5,2,6,1,2,59.0,Baixa
3524402,Jacareí,237119,719,669,50,1,1,56,276,274,55,25,9,6,6,4,6,30.0,Baixa
3524501,Jaci,7322,278,278,0,8,12,42,105,51,14,14,12,3,2,6,9,380.0,Alta
3524600,Jacupiranga,17911,1,1,0,0,0,1,0,0,0,0,0,0,0,0,0,1.0,Baixa
3524709,Jaguariúna,59921,473,467,6,3,6,35,170,160,44,18,13,7,6,3,8,79.0,Baixa
3524808,Jales,49291,2684,2672,12,272,598,1017,556,197,23,7,6,4,2,0,2,545.0,Alta
3524907,Jambeiro,6828,2,0,2,0,1,0,0,1,0,0,0,0,0,0,0,3.0,Baixa
3525003,Jandira,127734,6,6,0,0,0,2,0,0,1,2,1,0,0,0,0,0.0,Baixa
3525102,Jardinópolis,45544,40,38,2,1,1,6,9,17,2,0,1,2,1,0,0,9.0,Baixa
3525201,Jarinu,31173,108,98,10,0,1,6,38,41,11,3,1,1,0,4,2,35.0,Baixa
3525300,Jaú,153463,722,713,9,4,5,77,276,279,43,21,6,3,3,2,3,47.0,Baixa
3525409,Jeriquara,3143,41,40,1,0,1,4,17,17,1,0,0,1,0,0,0,130.0,Média
3525508,Joanópolis,13453,9,8,1,0,0,0,3,0,0,3,2,0,1,0,0,7.0,Baixa
3525607,João Ramalho,4577,98,92,6,1,0,6,32,48,10,0,1,0,0,0,0,214.0,Média
3525706,José Bonifácio,37707,2764,2763,1,35,93,1007,1217,354,23,19,7,1,2,2,4,733.0,Alta
3525805,Júlio Mesquita,4824,79,79,0,2,0,0,22,42,6,2,0,0,0,2,3,164.0,Média
3525854,Jumirim,3467,2,0,2,0,0,0,1,0,1,0,0,0,0,0,0,6.0,Baixa
3525904,Jundiaí,426935,589,457,132,8,15,73,246,188,34,5,3,2,9,3,3,14.0,Baixa
3526001,Junqueirópolis,20978,1443,1439,4,10,69,415,688,211,33,6,1,0,0,4,6,688.0,Alta
3526100,Juquiá,18627,0,0,0,0,0,0,0,0,0,0,0,0,0,0,0,0.0,Baixa
3526209,Juquitiba,31844,184,184,0,0,0,32,101,38,12,0,0,0,0,1,0,58.0,Baixa
3526308,Lagoinha,4882,19,18,1,0,0,0,10,7,2,0,0,0,0,0,0,39.0,Baixa
3526407,Laranjal Paulista,29047,72,72,0,0,0,3,7,23,8,4,0,4,1,5,17,25.0,Baixa
3526506,Lavínia,12581,110,110,0,0,0,4,28,46,8,10,7,4,1,0,2,87.0,Baixa
3526605,Lavrinhas,7361,4,4,0,0,0,0,0,2,0,1,0,0,0,0,1,5.0,Baixa
3526704,Leme,105273,87,86,1,1,2,2,19,41,10,3,4,1,1,1,2,8.0,Baixa
3526803,Lençóis Paulista,69533,146,130,16,0,0,14,41,69,10,7,2,0,0,2,1,21.0,Baixa
3526902,Limeira,310783,619,611,8,2,11,78,260,184,48,17,6,3,4,3,3,20.0,Baixa
3527009,Lindóia,8201,144,144,0,0,3,20,62,47,10,2,0,0,0,0,0,176.0,Média
3527108,Lins,78978,1729,1719,10,33,69,316,666,455,67,30,23,21,2,8,39,219.0,Média
3527207,Lorena,89532,20,20,0,1,2,2,4,7,1,2,0,1,0,0,0,2.0,Baixa
3527256,Lourdes,2311,105,90,15,49,26,9,5,2,3,5,1,0,2,2,1,454.0,Alta
3527306,Louveira,51007,119,108,11,1,2,9,41,47,13,3,0,0,0,2,1,23.0,Baixa
3527405,Lucélia,22022,212,212,0,0,1,15,53,67,30,17,7,1,8,3,10,96.0,Baixa
3527504,Lucianópolis,2412,51,46,5,0,0,5,28,18,0,0,0,0,0,0,0,211.0,Média
3527603,Luís Antônio,15628,637,631,6,0,9,180,298,118,27,3,1,0,0,1,0,408.0,Alta
3527702,Luiziânia,5918,334,334,0,9,72,188,54,8,0,2,0,0,1,0,0,564.0,Alta
3527801,Lupércio,4608,39,39,0,0,0,1,8,5,1,2,0,0,0,5,17,85.0,Baixa
3527900,Lutécia,2623,253,253,0,1,0,38,98,99,12,3,1,0,0,1,0,965.0,Alta
3528007,Macatuba,17263,76,65,11,0,0,4,19,38,13,1,0,0,0,0,1,44.0,Baixa
3528106,Macaubal,8174,83,78,5,6,6,16,33,20,2,0,0,0,0,0,0,102.0,Média
3528205,Macedônia,3686,78,73,5,1,2,3,13,13,2,3,4,15,10,4,8,212.0,Média
3528304,Magda,3086,112,111,1,5,27,16,36,24,3,1,0,0,0,0,0,363.0,Alta
3528403,Mairinque,47723,10,7,3,0,0,2,2,3,1,0,0,0,0,1,1,2.0,Baixa
3528502,Mairiporã,103645,42,29,13,0,0,1,21,10,5,1,3,1,0,0,0,4.0,Baixa
3528601,Manduri,9972,5,2,3,0,0,0,3,2,0,0,0,0,0,0,0,5.0,Baixa
3528700,Marabá Paulista,6039,276,275,1,0,0,16,153,96,9,2,0,0,0,0,0,457.0,Alta
3528809,Maracaí,14069,21,19,2,2,1,1,5,6,0,0,1,0,5,0,0,15.0,Baixa
3528858,Marapoama,3097,49,48,1,0,0,9,14,14,6,6,0,0,0,0,0,158.0,Média
3528908,Mariápolis,4098,141,139,2,0,0,2,38,58,17,9,8,1,2,3,3,344.0,Alta
3529005,Marília,242249,1060,1042,18,15,22,116,386,311,81,48,25,14,19,9,14,44.0,Baixa
3529104,Marinópolis,2101,201,201,0,1,18,45,69,50,13,2,0,0,0,2,1,957.0,Alta
3529203,Martinópolis,26791,1514,1492,22,2,26,337,742,346,46,11,1,1,0,0,2,565.0,Alta
3529302,Matão,84069,2611,2584,27,4,8,137,931,1476,50,3,0,2,0,0,0,311.0,Alta
3529401,Mauá,481725,90,61,29,3,4,16,20,29,2,2,5,6,2,0,1,2.0,Baixa
3529500,Mendonça,5638,479,461,18,5,23,121,196,98,22,8,1,0,2,3,0,850.0,Alta
3529609,Meridiano,3813,127,121,6,7,41,24,11,13,7,7,6,3,2,2,4,333.0,Alta
3529658,Mesópolis,1903,60,59,1,7,25,10,12,6,0,0,0,0,0,0,0,315.0,Alta
3529708,Miguelópolis,22480,5,5,0,1,0,0,0,1,0,0,1,0,0,0,2,2.0,Baixa
3529807,Mineiros do Tietê,13023,67,62,5,0,0,1,28,27,7,2,0,2,0,0,0,51.0,Baixa
3529906,Miracatu,19511,14,14,0,0,0,0,0,0,1,2,10,0,1,0,0,7.0,Baixa
3530003,Mira Estrela,3125,145,140,5,0,2,3,33,61,25,12,6,3,0,0,0,464.0,Alta
3530102,Mirandópolis,29844,602,602,0,14,24,49,125,155,62,58,41,16,16,20,22,202.0,Média
3530201,Mirante do Paranapanema,18415,166,158,8,0,0,3,9,14,9,9,3,8,17,62,32,90.0,Baixa
3530300,Mirassol,60768,1362,1362,0,26,59,362,514,280,66,30,4,2,12,4,3,224.0,Média
3530409,Mirassolândia,4966,13,12,1,0,4,1,5,2,0,1,0,0,0,0,0,26.0,Baixa
3530508,Mococa,69072,24,24,0,1,1,3,6,4,3,5,0,0,1,0,0,3.0,Baixa
3530607,Mogi das Cruzes,455587,99,57,42,5,2,5,29,40,8,7,1,0,0,0,2,2.0,Baixa
3530706,Mogi Guaçu,154146,2164,2157,7,23,66,344,894,589,168,52,16,3,0,5,4,140.0,Média
3530805,Mogi Mirim,94098,151,148,3,4,8,16,38,48,17,10,3,4,0,3,0,16.0,Baixa
3530904,Mombuca,3523,3,2,1,0,0,0,1,1,1,0,0,0,0,0,0,9.0,Baixa
3531001,Monções,2274,252,249,3,12,57,114,62,6,0,0,0,0,0,0,1,1108.0,Alta
3531100,Mongaguá,58567,15,15,0,0,0,0,2,3,0,4,3,0,2,1,0,3.0,Baixa
3531209,Monte Alegre do Sul,8181,3,2,1,0,1,0,1,1,0,0,0,0,0,0,0,4.0,Baixa
3531308,Monte Alto,51039,1530,1528,2,3,13,140,691,551,109,11,10,0,0,2,0,300.0,Média
3531407,Monte Aprazível,25651,705,662,43,7,39,225,228,184,10,5,0,0,3,0,4,275.0,Média
3531506,Monte Azul Paulista,18928,129,128,1,2,10,59,47,9,1,0,0,1,0,0,0,68.0,Baixa
3531605,Monte Castelo,4166,463,460,3,22,63,135,61,21,20,9,13,6,14,46,53,1111.0,Alta
3531704,Monteiro Lobato,4739,4,2,2,0,0,0,0,1,1,1,1,0,0,0,0,8.0,Baixa
3531803,Monte Mor,61707,71,69,2,1,1,5,27,28,4,2,2,1,0,0,0,12.0,Baixa
3531902,Morro Agudo,33598,943,936,7,5,6,146,259,385,119,12,3,0,3,5,0,281.0,Média
3532009,Morungaba,13936,2,2,0,0,1,1,0,0,0,0,0,0,0,0,0,1.0,Baixa
3532058,Motuca,4831,352,351,1,1,11,132,151,51,6,0,0,0,0,0,0,729.0,Alta
3532108,Murutinga do Sul,4525,246,244,2,1,4,61,117,46,7,4,3,0,0,1,2,544.0,Alta
3532157,Nantes,3215,7,7,0,0,0,0,4,2,1,0,0,0,0,0,0,22.0,Baixa
3532207,Narandiba,4950,80,78,2,2,0,2,37,29,4,4,0,1,0,0,1,162.0,Média
3532306,Natividade da Serra,6624,0,0,0,0,0,0,0,0,0,0,0,0,0,0,0,0.0,Baixa
3532405,Nazaré Paulista,18866,6,6,0,0,1,0,2,2,0,0,0,0,0,1,0,3.0,Baixa
3532504,Neves Paulista,8917,441,437,4,5,1,64,278,70,18,3,1,0,0,0,1,495.0,Alta
3532603,Nhandeara,11575,626,622,4,23,196,278,89,28,7,1,1,0,1,1,1,541.0,Alta
3532702,Nipoã,5381,280,276,4,5,7,79,107,71,7,1,1,1,0,0,1,520.0,Alta
3532801,Nova Aliança,7161,665,664,1,29,26,219,152,143,66,24,6,0,0,0,0,929.0,Alta
3532827,Nova Campina,9962,0,0,0,0,0,0,0,0,0,0,0,0,0,0,0,0.0,Baixa
3532843,Nova Canaã Paulista,1824,44,42,2,3,17,1,22,1,0,0,0,0,0,0,0,241.0,Média
3532868,Nova Castilho,1290,109,109,0,64,12,17,14,2,0,0,0,0,0,0,0,845.0,Alta
3532900,Nova Europa,11519,543,543,0,2,1,53,140,240,74,20,4,1,1,3,4,471.0,Alta
3533007,Nova Granada,21871,1131,1102,29,101,350,425,180,62,4,5,1,0,2,0,1,517.0,Alta
3533106,Nova Guataporanga,2333,93,88,5,36,10,1,7,1,6,6,3,3,4,2,14,399.0,Alta
3533205,Nova Independência,4135,653,648,5,3,54,242,256,81,9,4,0,0,0,1,3,1579.0,Alta
3533254,Novais,6057,53,53,0,0,0,14,31,8,0,0,0,0,0,0,0,88.0,Baixa
3533304,Nova Luzitânia,4217,305,305,0,48,92,73,10,73,5,4,0,0,0,0,0,723.0,Alta
3533403,Nova Odessa,61716,360,356,4,0,3,54,101,137,27,14,10,6,7,1,0,58.0,Baixa
3533502,Novo Horizonte,41765,2177,2164,13,32,138,512,860,516,80,19,13,0,1,2,4,521.0,Alta
3533601,Nuporanga,7522,10,10,0,1,4,0,0,4,0,0,0,1,0,0,0,13.0,Baixa
3533700,Ocauçu,4294,7,7,0,0,0,0,5,1,0,1,0,0,0,0,0,16.0,Baixa
3533809,Óleo,2447,0,0,0,0,0,0,0,0,0,0,0,0,0,0,0,0.0,Baixa
3533908,Olímpia,55477,1684,1665,19,26,138,638,706,116,32,14,10,2,1,0,1,304.0,Alta
3534005,Onda Verde,4462,286,283,3,3,5,68,105,60,16,10,2,2,2,9,4,641.0,Alta
3534104,Oriente,6569,205,204,1,0,36,87,49,26,2,4,1,0,0,0,0,312.0,Alta
3534203,Orindiúva,7318,875,866,9,7,53,416,268,106,13,6,4,0,1,1,0,1196.0,Alta
3534302,Orlândia,44682,608,585,23,0,3,40,112,139,54,39,25,26,19,41,110,136.0,Média
3534401,Osasco,701428,445,431,14,6,9,46,141,115,37,16,18,16,17,13,11,6.0,Baixa
3534500,Oscar Bressane,2603,180,178,2,0,3,26,97,43,9,1,0,0,0,0,1,692.0,Alta
3534609,Osvaldo Cruz,33118,894,894,0,1,2,17,115,296,112,103,54,23,31,55,85,270.0,Média
3534708,Ourinhos,115139,1707,1611,96,4,17,217,593,663,137,45,13,6,3,3,6,148.0,Média
3534757,Ouroeste,10712,44,44,0,1,2,4,22,11,2,0,0,2,0,0,0,41.0,Baixa
3534807,Ouro Verde,8676,513,510,3,1,4,28,113,244,52,32,17,3,1,3,15,591.0,Alta
3534906,Pacaembu,14326,432,432,0,3,4,21,139,152,42,14,2,5,9,10,31,302.0,Alta
3535002,Palestina,13285,989,986,3,326,267,206,121,53,2,6,2,4,0,1,1,744.0,Alta
3535101,Palmares Paulista,13691,278,271,7,3,9,40,91,93,30,11,1,0,0,0,0,203.0,Média
3535200,Palmeira d'Oeste,9173,942,930,12,14,85,237,376,192,19,4,3,2,1,0,9,1027.0,Alta
3535309,Palmital,22322,31,28,3,0,0,2,6,10,6,3,0,3,0,0,1,14.0,Baixa
3535408,Panorama,15944,162,162,0,0,2,11,24,31,24,18,15,0,1,8,28,102.0,Média
3535507,Paraguaçu Paulista,46180,2361,2328,33,203,379,716,527,357,90,54,15,5,4,8,3,511.0,Alta
3535606,Paraibuna,18302,12,11,1,0,0,0,7,4,0,1,0,0,0,0,0,7.0,Baixa
3535705,Paraíso,6536,104,85,19,1,1,12,22,34,15,9,2,1,0,2,5,159.0,Média
3535804,Paranapanema,20588,2,2,0,0,0,0,0,0,1,0,0,0,0,0,1,1.0,Baixa
3535903,Paranapuã,4112,450,436,14,32,71,197,108,35,4,3,0,0,0,0,0,1094.0,Alta
3536000,Parapuã,10934,152,147,5,1,0,8,23,38,37,23,3,0,3,3,13,139.0,Média
3536109,Pardinho,6579,3,3,0,0,0,2,1,0,0,0,0,0,0,0,0,5.0,Baixa
3536208,Pariquera-Açu,19797,4,3,1,1,0,0,1,0,1,0,1,0,0,0,0,2.0,Baixa
3536257,Parisi,2177,82,80,2,39,19,8,14,1,1,0,0,0,0,0,0,377.0,Alta
3536307,Patrocínio Paulista,14941,270,251,19,0,27,173,53,17,0,0,0,0,0,0,0,181.0,Média
3536406,Paulicéia,7540,682,670,12,18,6,54,127,130,72,39,37,20,9,60,110,905.0,Alta
3536505,Paulínia,114508,5301,5271,30,29,192,1135,2323,1248,198,114,20,17,12,7,6,463.0,Alta
3536570,Paulistânia,1835,19,18,1,0,1,0,18,0,0,0,0,0,0,0,0,104.0,Média
3536604,Paulo de Faria,8973,328,322,6,10,20,74,143,57,14,4,1,0,0,1,4,366.0,Alta
3536703,Pederneiras,47523,56,49,7,0,0,2,9,26,2,6,2,1,1,3,4,12.0,Baixa
3536802,Pedra Bela,6127,0,0,0,0,0,0,0,0,0,0,0,0,0,0,0,0.0,Baixa
3536901,Pedranópolis,2468,75,74,1,8,26,28,8,4,0,0,0,1,0,0,0,304.0,Alta
3537008,Pedregulho,16876,138,136,2,3,4,35,32,54,9,1,0,0,0,0,0,82.0,Baixa
3537107,Pedreira,48992,318,309,9,3,2,33,128,106,29,10,4,1,1,1,0,65.0,Baixa
3537156,Pedrinhas Paulista,3109,8,4,4,0,0,2,6,0,0,0,0,0,0,0,0,26.0,Baixa
3537206,Pedro de Toledo,11507,0,0,0,0,0,0,0,0,0,0,0,0,0,0,0,0.0,Baixa
3537305,Penápolis,64098,3221,3215,6,41,213,1127,1100,638,78,16,3,2,0,1,2,503.0,Alta
3537404,Pereira Barreto,25685,225,223,2,2,25,61,61,49,23,1,1,0,0,1,1,88.0,Baixa
3537503,Pereiras,8875,26,23,3,0,0,1,10,14,1,0,0,0,0,0,0,29.0,Baixa
3537602,Peruíbe,69697,38,38,0,0,0,2,8,17,5,1,0,1,1,1,2,5.0,Baixa
3537701,Piacatu,6093,774,769,5,0,5,85,304,310,59,7,3,1,0,0,0,1270.0,Alta
3537800,Piedade,55731,6,6,0,0,0,5,0,1,0,0,0,0,0,0,0,1.0,Baixa
3537909,Pilar do Sul,29612,2,0,2,0,0,0,1,0,1,0,0,0,0,0,0,1.0,Baixa
3538006,Pindamonhangaba,171885,374,374,0,8,24,100,88,91,33,8,1,3,6,6,6,22.0,Baixa
3538105,Pindorama,17378,441,440,1,2,8,102,196,102,19,3,2,1,2,2,2,254.0,Média
3538204,Pinhalzinho,15564,21,19,2,1,0,4,5,9,1,0,0,1,0,0,0,13.0,Baixa
3538303,Piquerobi,3706,62,61,1,0,0,2,18,31,2,3,0,0,2,3,1,167.0,Média
3538501,Piquete,13495,7,6,1,0,0,0,1,6,0,0,0,0,0,0,0,5.0,Baixa
3538600,Piracaia,27617,27,24,3,0,0,0,2,8,2,4,6,4,0,0,1,10.0,Baixa
3538709,Piracicaba,410275,1443,1443,0,10,39,247,561,433,95,19,19,12,4,2,2,35.0,Baixa
3538808,Piraju,29930,21,17,4,0,1,0,8,9,2,0,0,1,0,0,0,7.0,Baixa
3538907,Pirajuí,25939,79,79,0,0,1,19,17,14,5,0,1,0,0,5,17,30.0,Baixa
3539004,Pirangi,11524,223,223,0,2,2,13,37,67,36,21,11,14,10,7,3,194.0,Média
3539103,Pirapora do Bom Jesus,19453,1,1,0,0,0,0,0,0,0,1,0,0,0,0,0,1.0,Baixa
3539202,Pirapozinho,27974,472,466,6,2,0,42,140,172,56,17,12,3,9,8,11,169.0,Média
3539301,Pirassununga,77330,75,71,4,0,1,4,17,30,8,7,1,2,0,1,4,10.0,Baixa
3539400,Piratininga,13890,97,71,26,1,0,10,34,38,3,6,2,2,0,1,0,70.0,Baixa
3539509,Pitangueiras,40430,742,736,6,0,9,73,275,334,40,10,0,0,0,0,1,184.0,Média
3539608,Planalto,5370,445,442,3,4,38,101,186,91,13,0,0,2,1,3,6,829.0,Alta
3539707,Platina,3606,18,18,0,0,0,0,10,3,4,0,0,0,0,0,1,50.0,Baixa
3539806,Poá,119221,45,45,0,0,1,5,14,19,1,3,2,0,0,0,0,4.0,Baixa
3539905,Poloni,6166,388,387,1,6,16,137,145,73,10,0,0,0,0,1,0,629.0,Alta
3540002,Pompéia,22326,144,143,1,3,7,23,51,41,2,13,0,0,0,0,4,64.0,Baixa
3540101,Pongaí,3385,22,12,10,0,1,4,2,13,2,0,0,0,0,0,0,65.0,Baixa
3540200,Pontal,51717,302,299,3,1,1,44,136,85,18,9,0,0,0,3,5,58.0,Baixa
3540259,Pontalinda,4719,232,228,4,2,13,30,95,83,5,3,0,0,0,0,1,492.0,Alta
3540309,Pontes Gestal,2576,79,79,0,16,20,18,12,8,1,1,0,0,2,1,0,307.0,Alta
3540408,Populina,4136,182,181,1,5,50,107,20,0,0,0,0,0,0,0,0,440.0,Alta
3540507,Porangaba,10205,9,3,6,0,0,0,4,5,0,0,0,0,0,0,0,9.0,Baixa
3540606,Porto Feliz,53698,1477,1476,1,44,28,72,517,641,124,29,2,0,1,5,14,275.0,Média
3540705,Porto Ferreira,56848,86,86,0,0,4,10,11,25,18,5,10,0,1,1,1,15.0,Baixa
3540754,Potim,25603,43,42,1,0,0,0,2,10,4,0,0,2,6,7,12,17.0,Baixa
3540804,Potirendaba,17668,337,334,3,12,10,32,91,112,37,18,10,5,3,3,4,191.0,Média
3540853,Pracinha,4327,17,17,0,0,0,0,6,9,2,0,0,0,0,0,0,39.0,Baixa
3540903,Pradópolis,22239,111,100,11,0,0,10,28,51,9,4,2,2,0,2,3,50.0,Baixa
3541000,Praia Grande,336454,31,30,1,1,2,2,4,12,5,1,2,0,0,2,0,1.0,Baixa
3541059,Pratânia,5371,0,0,0,0,0,0,0,0,0,0,0,0,0,0,0,0.0,Baixa
3541109,Presidente Alves,4067,2,2,0,0,0,1,1,0,0,0,0,0,0,0,0,5.0,Baixa
3541208,Presidente Bernardes,12943,180,179,1,2,3,11,41,47,30,12,0,6,1,14,13,139.0,Média
3541307,Presidente Epitácio,44572,372,368,4,0,5,16,78,90,32,12,18,18,23,29,51,83.0,Baixa
3541406,Presidente Prudente,231953,7629,7517,112,42,44,548,2285,2748,1267,322,68,21,28,81,175,329.0,Alta
3541505,Presidente Venceslau,39648,900,895,5,1,37,269,387,156,14,16,3,2,5,3,7,227.0,Média
3541604,Promissão,41211,170,169,1,0,1,32,66,54,6,2,4,0,1,1,3,41.0,Baixa
3541653,Quadra,3902,1,0,1,0,0,0,0,1,0,0,0,0,0,0,0,3.0,Baixa
3541703,Quatá,14309,617,614,3,0,9,87,322,160,27,8,2,0,0,2,0,431.0,Alta
3541802,Queiroz,3513,566,566,0,1,1,96,304,121,26,13,3,0,1,0,0,1611.0,Alta
3541901,Queluz,13788,67,63,4,1,0,13,26,23,3,0,0,0,0,0,1,49.0,Baixa
3542008,Quintana,6736,518,501,17,33,33,114,172,119,34,8,5,0,0,0,0,769.0,Alta
3542107,Rafard,9126,44,44,0,0,0,10,18,16,0,0,0,0,0,0,0,48.0,Baixa
3542206,Rancharia,29743,280,260,20,4,3,6,67,96,50,20,8,6,6,5,9,94.0,Baixa
3542305,Redenção da Serra,3827,1,0,1,0,0,0,1,0,0,0,0,0,0,0,0,3.0,Baixa
3542404,Regente Feijó,20523,1046,1039,7,5,16,277,591,100,10,21,4,1,4,10,7,510.0,Alta
3542503,Reginópolis,10047,89,86,3,0,5,11,31,33,3,1,4,0,0,0,1,89.0,Baixa
3542602,Registro,56463,6,6,0,0,0,0,1,1,1,0,0,0,1,0,2,1.0,Baixa
3542701,Restinga,7762,75,75,0,0,0,10,33,31,1,0,0,0,0,0,0,97.0,Baixa
3542800,Ribeira,3320,4,4,0,0,0,0,0,0,0,0,0,4,0,0,0,12.0,Baixa
3542909,Ribeirão Bonito,13376,548,547,1,3,8,43,167,246,65,9,3,4,0,0,0,410.0,Alta
3543006,Ribeirão Branco,15984,2,0,2,0,0,0,1,1,0,0,0,0,0,0,0,1.0,Baixa
3543105,Ribeirão Corrente,4786,6,6,0,0,0,0,2,4,0,0,0,0,0,0,0,13.0,Baixa
3543204,Ribeirão do Sul,4537,11,11,0,0,0,0,5,4,1,0,0,1,0,0,0,24.0,Baixa
3543238,Ribeirão dos Índios,2222,26,23,3,0,0,2,1,7,7,6,2,1,0,0,0,117.0,Média
3543253,Ribeirão Grande,7686,2,0,2,0,0,1,1,0,0,0,0,0,0,0,0,3.0,Baixa
3543303,Ribeirão Pires,125238,14,4,10,2,0,0,6,4,0,0,1,1,0,0,0,1.0,Baixa
3543402,Ribeirão Preto,720116,7470,7444,26,53,193,1023,2488,2213,856,233,114,87,66,65,79,104.0,Média
3543501,Riversul,5364,2,0,2,0,0,0,2,0,0,0,0,0,0,0,0,4.0,Baixa
3543600,Rifaina,3651,7,7,0,0,0,2,3,1,0,1,0,0,0,0,0,19.0,Baixa
3543709,Rincão,10824,461,460,1,0,4,141,245,48,11,2,2,2,2,0,4,426.0,Alta
3543808,Rinópolis,9940,731,731,0,3,21,155,349,175,24,0,3,0,0,0,1,735.0,Alta
3543907,Rio Claro,209548,365,349,16,9,16,62,142,93,19,8,2,1,8,2,3,17.0,Baixa
3544004,Rio das Pedras,36233,8,8,0,0,1,1,1,4,0,0,0,1,0,0,0,2.0,Baixa
3544103,Rio Grande da Serra,52009,1,1,0,0,0,0,1,0,0,0,0,0,0,0,0,0.0,Baixa
3544202,Riolândia,12856,431,431,0,9,49,198,125,42,4,3,0,0,0,0,1,335.0,Alta
3544251,Rosana,15929,673,669,4,3,1,10,114,248,106,75,43,13,9,31,20,422.0,Alta
3544301,Roseira,10888,38,23,15,0,0,0,11,22,2,1,0,0,0,0,2,35.0,Baixa
3544400,Rubiácea,3195,113,112,1,0,0,10,23,25,5,10,1,3,5,18,13,354.0,Alta
3544509,Rubinéia,3191,95,78,17,24,8,38,21,3,1,0,0,0,0,0,0,298.0,Média
3544608,Sabino,5638,9,7,2,0,0,1,2,2,4,0,0,0,0,0,0,16.0,Baixa
3544707,Sagres,2427,23,23,0,0,0,0,2,1,4,6,3,0,1,3,3,95.0,Baixa
3544806,Sales,6481,26,20,6,0,1,4,6,11,3,1,0,0,0,0,0,40.0,Baixa
3544905,Sales Oliveira,12103,48,48,0,1,1,4,3,3,7,3,1,1,13,3,8,40.0,Baixa
3545001,Salesópolis,17363,0,0,0,0,0,0,0,0,0,0,0,0,0,0,0,0.0,Baixa
3545100,Salmourão,5372,77,77,0,0,0,4,5,16,11,6,2,1,1,14,17,143.0,Média
3545159,Saltinho,8498,90,83,7,1,5,12,40,28,2,1,0,1,0,0,0,106.0,Média
3545209,Salto,120779,599,584,15,4,9,73,184,227,77,17,2,3,0,3,0,50.0,Baixa
3545308,Salto de Pirapora,46285,10,3,7,0,1,1,3,4,0,1,0,0,0,0,0,2.0,Baixa
3545407,Salto Grande,9396,112,112,0,0,0,2,12,37,21,10,4,0,0,7,19,119.0,Média
3545506,Sandovalina,4405,65,62,3,0,1,1,6,24,7,14,10,1,0,0,1,148.0,Média
3545605,Santa Adélia,15639,315,281,34,3,1,16,90,112,35,7,18,4,0,10,19,201.0,Média
3545704,Santa Albertina,6036,606,593,13,7,44,235,162,122,20,3,5,6,0,2,0,1004.0,Alta
3545803,Santa Bárbara d'Oeste,195278,5973,5923,50,44,121,766,2198,1989,475,192,71,50,21,27,19,306.0,Alta
3546009,Santa Branca,14925,7,5,2,2,0,0,2,2,0,0,1,0,0,0,0,5.0,Baixa
3546108,Santa Clara d'Oeste,2111,164,163,1,3,28,53,42,27,7,3,1,0,0,0,0,777.0,Alta
3546207,Santa Cruz da Conceição,4584,8,8,0,0,0,0,2,5,1,0,0,0,0,0,0,17.0,Baixa
3546256,Santa Cruz da Esperança,2166,18,10,8,0,0,2,4,4,4,2,0,0,0,0,2,83.0,Baixa
3546306,Santa Cruz das Palmeiras,35102,114,114,0,0,0,4,41,49,10,4,3,1,0,1,1,32.0,Baixa
3546405,Santa Cruz do Rio Pardo,48207,1848,1847,1,4,4,29,424,1036,269,55,10,6,1,2,8,383.0,Alta
3546504,Santa Ernestina,5577,139,137,2,1,1,2,25,68,25,4,0,0,0,4,9,249.0,Média
3546603,Santa Fé do Sul,32796,1020,1000,20,147,212,355,165,98,22,7,2,4,4,1,3,311.0,Alta
3546702,Santa Gertrudes,27850,307,307,0,1,3,46,120,108,20,7,0,0,0,1,1,110.0,Média
3546801,Santa Isabel,58529,39,39,0,0,0,4,9,21,4,0,1,0,0,0,0,7.0,Baixa
3546900,Santa Lúcia,8889,653,643,10,2,10,88,280,217,40,12,4,0,0,0,0,735.0,Alta
3547007,Santa Maria da Serra,6298,10,10,0,0,1,2,4,1,1,0,0,1,0,0,0,16.0,Baixa
3547106,Santa Mercedes,2947,558,555,3,17,12,148,271,86,16,1,1,0,0,2,4,1893.0,Alta
3547205,Santana da Ponte Pensa,1448,133,131,2,3,12,48,59,10,1,0,0,0,0,0,0,919.0,Alta
3547304,Santana de Parnaíba,145073,133,120,13,2,5,18,42,41,13,6,0,3,1,1,1,9.0,Baixa
3547403,Santa Rita d'Oeste,2476,218,157,61,15,32,65,61,27,14,4,0,0,0,0,0,880.0,Alta
3547502,Santa Rita do Passa Quatro,27641,769,763,6,2,5,72,262,365,43,9,5,3,0,2,1,278.0,Média
3547601,Santa Rosa de Viterbo,26960,258,258,0,1,14,86,85,59,5,4,1,0,2,1,0,96.0,Baixa
3547650,Santa Salete,1558,308,281,27,15,56,162,60,10,3,1,1,0,0,0,0,1977.0,Alta
3547700,Santo Anastácio,20855,149,146,3,2,2,13,48,24,4,16,12,4,1,9,14,71.0,Baixa
3547809,Santo André,723889,156,89,67,4,5,15,45,47,12,7,6,2,3,6,4,2.0,Baixa
3547908,Santo Antônio da Alegria,7024,31,30,1,0,1,0,9,17,4,0,0,0,0,0,0,44.0,Baixa
3548005,Santo Antônio de Posse,23742,186,177,9,0,0,5,44,100,32,3,0,1,0,1,0,78.0,Baixa
3548054,Santo Antônio do Aracanguá,8541,368,368,0,41,119,202,4,1,0,1,0,0,0,0,0,431.0,Alta
3548104,Santo Antônio do Jardim,5926,2,2,0,0,0,0,2,0,0,0,0,0,0,0,0,3.0,Baixa
3548203,Santo Antônio do Pinhal,6843,1,1,0,0,0,0,0,0,1,0,0,0,0,0,0,1.0,Baixa
3548302,Santo Expedito,3159,232,225,7,0,0,6,76,125,13,1,0,0,0,0,11,734.0,Alta
3548401,Santópolis do Aguapeí,4856,174,174,0,27,30,39,35,23,9,9,0,0,0,2,0,358.0,Alta
3548500,Santos,433991,393,383,10,17,22,37,35,75,46,30,26,25,32,36,12,9.0,Baixa
3548609,São Bento do Sapucaí,10907,0,0,0,0,0,0,0,0,0,0,0,0,0,0,0,0.0,Baixa
3548708,São Bernardo do Campo,849874,169,113,56,3,2,25,52,66,6,7,0,3,2,1,2,2.0,Baixa
3548807,São Caetano do Sul,162763,99,21,78,0,4,13,28,39,6,3,2,3,0,1,0,6.0,Baixa
3548906,São Carlos,256915,2138,2097,41,15,37,437,978,482,90,28,18,26,10,10,7,83.0,Baixa
3549003,São Francisco,2813,373,237,136,14,52,159,108,32,7,1,0,0,0,0,0,1326.0,Alta
3549102,São João da Boa Vista,92315,81,78,3,4,5,3,17,19,4,12,9,1,1,3,3,9.0,Baixa
3549201,São João das Duas Pontes,2555,66,53,13,0,0,5,37,20,1,2,0,1,0,0,0,258.0,Média
3549250,São João de Iracema,1942,201,179,22,98,56,29,15,2,0,0,0,0,0,1,0,1035.0,Alta
3549300,São João do Pau d'Alho,2095,190,190,0,1,0,24,81,59,12,3,4,1,1,0,4,907.0,Alta
3549409,São Joaquim da Barra,52737,27,26,1,0,0,3,4,11,2,2,0,0,1,1,3,5.0,Baixa
3549508,São José da Bela Vista,8991,10,10,0,0,0,1,4,3,2,0,0,0,0,0,0,11.0,Baixa
3549607,São José do Barreiro,4141,0,0,0,0,0,0,0,0,0,0,0,0,0,0,0,0.0,Baixa
3549706,São José do Rio Pardo,55298,413,249,164,1,2,18,111,176,33,32,14,17,4,0,5,75.0,Baixa
3549805,São José do Rio Preto,469173,20313,20267,46,1036,1358,3375,5134,4176,1608,842,555,529,627,518,555,433.0,Alta
3549904,São José dos Campos,737310,1698,1546,152,23,45,243,630,431,128,52,27,38,27,35,19,23.0,Baixa
3549953,São Lourenço da Serra,16127,0,0,0,0,0,0,0,0,0,0,0,0,0,0,0,0.0,Baixa
3550001,São Luiz do Paraitinga,10693,7,2,5,0,0,0,1,3,0,1,1,0,0,0,1,7.0,Baixa
3550100,São Manuel,41287,109,106,3,0,0,15,36,47,11,0,0,0,0,0,0,26.0,Baixa
3550209,São Miguel Arcanjo,33071,2,0,2,0,0,0,1,1,0,0,0,0,0,0,0,1.0,Baixa
3550308,São Paulo,12396372,11947,11599,348,238,291,1384,4333,4057,590,320,129,102,177,133,193,10.0,Baixa
3550407,São Pedro,36298,267,262,5,1,6,24,120,90,17,4,4,0,1,0,0,74.0,Baixa
3550506,São Pedro do Turvo,7724,143,141,2,0,0,3,32,61,36,4,5,1,0,0,1,185.0,Média
3550605,São Roque,93076,38,33,5,0,0,7,15,11,4,0,0,0,0,0,1,4.0,Baixa
3550704,São Sebastião,91637,1098,1095,3,32,31,222,344,244,116,32,10,7,30,23,7,120.0,Média
3550803,São Sebastião da Grama,12137,3,2,1,0,0,1,1,0,1,0,0,0,0,0,0,2.0,Baixa
3550902,São Simão,15446,20,19,1,0,0,1,8,9,0,0,0,0,1,0,1,13.0,Baixa
3551009,São Vicente,370839,174,173,1,8,19,10,13,39,16,21,6,5,8,19,10,5.0,Baixa
3551108,Sarapuí,10493,0,0,0,0,0,0,0,0,0,0,0,0,0,0,0,0.0,Baixa
3551207,Sarutaiá,3623,66,64,2,0,0,4,34,24,1,1,0,1,1,0,0,182.0,Média
3551306,Sebastianópolis do Sul,3595,124,124,0,52,42,2,28,0,0,0,0,0,0,0,0,345.0,Alta
3551405,Serra Azul,15292,136,134,2,0,0,8,51,57,18,2,0,0,0,0,0,89.0,Baixa
3551504,Serrana,46166,54,54,0,0,1,7,25,11,3,3,4,0,0,0,0,12.0,Baixa
3551603,Serra Negra,29669,17,15,2,0,0,1,7,9,0,0,0,0,0,0,0,6.0,Baixa
3551702,Sertãozinho,128432,3362,3195,167,83,224,1243,1075,632,93,3,3,2,3,1,0,262.0,Média
3551801,Sete Barras,12731,0,0,0,0,0,0,0,0,0,0,0,0,0,0,0,0.0,Baixa
3551900,Severínia,17820,323,311,12,4,38,179,87,13,1,1,0,0,0,0,0,181.0,Média
3552007,Silveiras,6375,1,0,1,0,0,0,1,0,0,0,0,0,0,0,0,2.0,Baixa
3552106,Socorro,41690,44,44,0,0,1,5,16,18,3,1,0,0,0,0,0,11.0,Baixa
3552205,Sorocaba,695328,1102,983,119,14,15,122,413,413,77,29,2,1,2,4,10,16.0,Baixa
3552304,Sud Mennucci,7738,154,152,2,8,16,16,54,45,10,1,0,1,0,2,1,199.0,Média
3552403,Sumaré,289875,1008,1002,6,20,21,171,377,269,74,31,11,10,9,4,11,35.0,Baixa
3552502,Suzano,303397,448,443,5,0,3,19,131,238,38,14,2,0,1,1,1,15.0,Baixa
3552551,Suzanápolis,4063,345,339,6,88,177,67,7,4,0,0,0,0,0,1,1,849.0,Alta
3552601,Tabapuã,12561,203,203,0,7,12,32,66,60,21,1,2,0,0,0,2,162.0,Média
3552700,Tabatinga,16787,100,97,3,0,0,2,21,43,9,3,3,2,0,6,11,60.0,Baixa
3552809,Taboão da Serra,297528,78,54,24,1,7,6,26,23,6,6,1,0,2,0,0,3.0,Baixa
3552908,Taciba,6371,114,110,4,0,0,1,50,52,8,3,0,0,0,0,0,179.0,Média
3553005,Taguaí,14415,3,1,2,0,0,0,1,0,1,1,0,0,0,0,0,2.0,Baixa
3553104,Taiaçu,6346,8,7,1,0,2,2,0,1,3,0,0,0,0,0,0,13.0,Baixa
3553203,Taiúva,5562,53,50,3,0,3,7,19,20,2,1,1,0,0,0,0,95.0,Baixa
3553302,Tambaú,23255,23,23,0,0,2,0,8,10,1,0,1,0,0,0,1,10.0,Baixa
3553401,Tanabi,26231,1597,1596,1,425,440,507,151,41,7,4,4,1,2,9,6,609.0,Alta
3553500,Tapiraí,7725,1,1,0,0,0,0,0,1,0,0,0,0,0,0,0,1.0,Baixa
3553609,Tapiratiba,12940,1,1,0,0,0,1,0,0,0,0,0,0,0,0,0,1.0,Baixa
3553658,Taquaral,2815,222,221,1,2,23,92,91,14,0,0,0,0,0,0,0,789.0,Alta
3553708,Taquaritinga,57547,558,544,14,0,0,6,29,65,43,13,17,4,16,135,230,97.0,Baixa
3553807,Taquarituba,23292,10,1,9,0,0,1,5,3,0,1,0,0,0,0,0,4.0,Baixa
3553856,Taquarivaí,5968,8,4,4,0,0,0,2,4,1,1,0,0,0,0,0,13.0,Baixa
3553906,Tarabai,7609,224,190,34,3,0,1,10,20,24,41,24,19,10,24,48,294.0,Média
3553955,Tarumã,15361,92,90,2,0,3,66,12,7,0,0,0,0,0,0,4,60.0,Baixa
3554003,Tatuí,124134,24,11,13,0,2,2,6,3,3,2,1,1,0,2,2,2.0,Baixa
3554102,Taubaté,320820,1540,1536,4,4,11,144,480,630,179,61,7,4,11,5,4,48.0,Baixa
3554201,Tejupá,4452,0,0,0,0,0,0,0,0,0,0,0,0,0,0,0,0.0,Baixa
3554300,Teodoro Sampaio,23395,3627,3521,106,13,32,621,1611,1030,216,64,21,2,4,4,9,1550.0,Alta
3554409,Terra Roxa,9502,122,119,3,0,0,29,50,39,3,1,0,0,0,0,0,128.0,Média
3554508,Tietê,42946,283,265,18,4,13,59,80,92,24,2,3,1,2,1,2,66.0,Baixa
3554607,Timburi,2647,0,0,0,0,0,0,0,0,0,0,0,0,0,0,0,0.0,Baixa
3554656,Torre de Pedra,2432,1,1,0,0,0,1,0,0,0,0,0,0,0,0,0,4.0,Baixa
3554706,Torrinha,10100,12,1,11,0,0,1,3,7,1,0,0,0,0,0,0,12.0,Baixa
3554755,Trabiju,1752,18,13,5,0,0,5,8,5,0,0,0,0,0,0,0,103.0,Média
3554805,Tremembé,48228,286,279,7,1,0,24,119,122,5,4,1,1,1,2,6,59.0,Baixa
3554904,Três Fronteiras,5856,296,288,8,26,115,113,37,5,0,0,0,0,0,0,0,505.0,Alta
3554953,Tuiuti,7058,0,0,0,0,0,0,0,0,0,0,0,0,0,0,0,0.0,Baixa
3555000,Tupã,65615,3095,3095,0,6,28,300,1027,1213,337,98,34,11,16,11,14,472.0,Alta
3555109,Tupi Paulista,15670,1309,1301,8,18,105,409,415,201,32,12,7,7,10,23,70,835.0,Alta
3555208,Turiúba,2024,45,45,0,10,10,12,10,3,0,0,0,0,0,0,0,222.0,Média
3555307,Turmalina,1667,106,104,2,4,21,52,23,4,1,1,0,0,0,0,0,636.0,Alta
3555356,Ubarana,6488,544,544,0,2,4,93,195,213,30,6,0,0,0,0,1,838.0,Alta
3555406,Ubatuba,92819,169,167,2,3,1,2,19,89,20,13,4,4,3,6,5,18.0,Baixa
3555505,Ubirajara,4828,2,2,0,0,0,2,0,0,0,0,0,0,0,0,0,4.0,Baixa
3555604,Uchoa,10191,279,279,0,1,0,15,75,123,40,11,4,2,4,4,0,274.0,Média
3555703,União Paulista,1886,52,52,0,14,7,10,15,5,0,0,1,0,0,0,0,276.0,Média
3555802,Urânia,9125,1659,1653,6,31,153,599,511,224,80,58,2,0,1,0,0,1818.0,Alta
3555901,Uru,1142,3,0,3,0,0,0,2,0,0,0,0,0,0,0,1,26.0,Baixa
3556008,Urupês,13965,86,69,17,1,1,4,29,26,13,5,2,2,3,0,0,62.0,Baixa
3556107,Valentim Gentil,13732,241,241,0,8,17,44,69,68,22,8,5,0,0,0,0,176.0,Média
3556206,Valinhos,133169,1129,1096,33,4,14,234,440,360,49,13,5,3,2,2,3,85.0,Baixa
3556305,Valparaíso,27154,271,263,8,1,13,34,94,74,19,16,10,4,1,1,4,100.0,Média
3556354,Vargem,10842,0,0,0,0,0,0,0,0,0,0,0,0,0,0,0,0.0,Baixa
3556404,Vargem Grande do Sul,43368,9,9,0,0,0,1,1,3,1,0,1,0,0,1,1,2.0,Baixa
3556453,Vargem Grande Paulista,54315,14,13,1,0,0,0,3,7,4,0,0,0,0,0,0,3.0,Baixa
3556503,Várzea Paulista,124269,767,759,8,7,7,119,338,225,42,4,3,2,4,7,9,62.0,Baixa
3556602,Vera Cruz,10804,1104,1098,6,1,9,258,530,289,14,2,1,0,0,0,0,1022.0,Alta
3556701,Vinhedo,81516,221,217,4,1,3,38,83,76,15,0,2,0,2,0,1,27.0,Baixa
3556800,Viradouro,19133,304,304,0,0,0,6,87,115,38,19,12,6,7,8,6,159.0,Média
3556909,Vista Alegre do Alto,9163,146,143,3,2,5,21,59,45,4,6,0,0,4,0,0,159.0,Média
3556958,Vitória Brasil,1852,83,82,1,24,11,14,24,9,1,0,0,0,0,0,0,448.0,Alta
3557006,Votorantim,124468,660,656,4,0,7,66,224,249,61,21,15,4,1,2,10,53.0,Baixa
3557105,Votuporanga,96106,10053,10052,1,586,1292,2831,3103,1271,356,143,81,90,148,85,67,1046.0,Alta
3557154,Zacarias,2784,120,119,1,2,15,98,2,0,0,1,0,0,1,0,1,431.0,Alta
3557204,Chavantes,12418,113,99,14,0,0,14,26,54,14,3,2,0,0,0,0,91.0,Baixa
