CD_MUN,NM_MUN_x,Classificação_incidência,Cluster,Taxa_incidência_mil,População_total_2021,Total_confirmados_anual,V00001,V00002,V00004,V00111,V00112,V00113,V00114,V00119,V00120,V00121,V00122,V00127,V00128,V00135,V00199,V00200,V00201,V00309,V00310,V00311,V00312,V00313,V00314,V00397,V00398,V00399,V00463,V00464,V00465,V00466
3500105,Adamantina,Alta,8,386.0,35153,1358,13567,0,13567,13166,338,42,0,12535,330,42,0,180,6,422,13253,308,0,13156,4,135,251,0,0,13010,359,94,4,379,4,371
3500204,Adolfo,Alta,0,496.0,3545,176,1650,0,1650,1455,170,13,0,1454,148,13,0,0,21,0,1644,5,0,1479,52,108,4,0,0,1587,29,30,70,114,49,113
3500303,Aguaí,Baixa,8,2.0,36981,6,11480,0,11480,10717,439,220,77,10561,437,220,77,4,0,121,11461,3,4,10698,0,323,417,0,0,10550,336,404,77,671,77,669
3500402,Águas da Prata,Baixa,0,0.0,8262,0,2830,0,2830,2540,47,12,213,2431,47,12,213,11,0,92,2817,12,0,2475,19,132,141,0,37,2675,108,33,23,254,23,254
3500501,Águas de Lindóia,Baixa,0,12.0,18908,22,6799,0,6799,6398,102,24,233,5555,93,24,226,69,4,762,6798,0,0,6274,24,162,269,3,10,6403,332,27,127,252,122,245
3500550,Águas de Santa Bárbara,Baixa,0,81.0,6142,50,2707,0,2707,2364,244,4,54,2280,239,4,54,59,0,13,2698,0,4,1613,6,1005,45,0,10,2497,120,70,13,315,13,310
3500600,Águas de São Pedro,Baixa,0,67.0,3588,24,1153,0,1153,1153,0,0,0,938,0,0,0,3,0,210,1153,0,0,1149,0,0,0,0,0,1151,0,0,0,0,0,0
3500709,Agudos,Baixa,8,69.0,37582,260,12933,27,12933,12296,484,28,90,12149,484,28,89,25,0,106,12905,9,3,12170,18,565,89,9,44,12481,171,239,172,435,171,435
3500758,Alambari,Baixa,0,2.0,6231,1,2139,0,2139,1748,328,5,42,1616,264,5,42,131,64,0,2132,0,0,1121,0,298,702,0,0,1987,88,57,29,351,29,287
3500808,Alfredo Marcondes,Alta,0,726.0,4201,305,1726,0,1726,1519,166,29,3,1519,166,29,3,0,0,0,1721,0,0,1454,7,178,72,0,0,1536,91,57,17,184,17,184
3500907,Altair,Baixa,0,93.0,4211,39,1278,0,1278,1072,183,13,3,1071,179,13,3,0,0,0,1270,0,4,1111,0,50,110,0,0,1164,5,71,68,133,66,127
3501004,Altinópolis,Baixa,0,6.0,16221,10,6076,0,6076,5544,183,8,326,5508,180,8,326,7,3,27,6073,0,0,5508,19,355,184,0,0,5664,146,227,139,387,136,384
3501103,Alto Alegre,Alta,0,831.0,4078,339,1515,0,1515,1233,259,8,0,1227,259,8,0,6,0,0,1513,0,0,1216,38,226,24,0,0,1267,139,95,42,227,42,227
3501152,Alumínio,Baixa,0,4.0,18903,7,5941,0,5941,5404,237,164,44,5340,215,161,43,3,22,56,5922,9,0,4354,27,1242,100,0,152,5071,855,0,110,412,109,376
3501202,Álvares Florence,Alta,0,1211.0,3616,438,1530,7,1530,1052,440,25,3,1052,440,25,3,0,0,0,1530,0,0,1040,6,93,380,0,0,1085,180,245,21,451,21,451
3501301,Álvares Machado,Média,8,262.0,25078,658,9869,0,9869,8919,847,59,13,8280,777,59,13,204,66,422,9854,3,0,8773,39,533,458,5,4,8941,508,343,28,891,25,823
3501400,Álvaro de Carvalho,Média,0,201.0,5320,107,1168,0,1168,1073,71,9,11,1073,71,9,11,0,0,0,1167,0,0,1079,4,52,17,0,0,1115,3,32,57,34,57,34
3501509,Alvinlândia,Baixa,0,49.0,3251,16,1007,0,1007,939,51,5,10,937,51,5,10,0,0,0,1007,0,0,938,8,51,5,0,0,962,36,6,3,62,3,62
3501608,Americana,Média,3,176.0,244370,4310,89200,3,89200,85373,3234,118,49,63568,634,117,39,1280,131,20360,88556,87,510,87278,356,640,622,3,164,84905,4128,28,2365,1339,143,945
3501707,Américo Brasiliense,Alta,8,821.0,41545,3410,11402,3,11402,11331,38,11,8,11185,38,11,8,37,0,91,11395,0,0,11312,6,53,14,0,3,11355,23,11,19,41,19,41
3501806,Américo de Campos,Alta,0,714.0,5993,428,2361,0,2361,2103,204,44,0,2102,204,44,0,0,0,0,2359,0,0,2100,0,39,213,0,0,2109,86,145,141,107,141,107
3501905,Amparo,Baixa,5,4.0,73145,28,24489,3,24489,21991,1400,158,725,19485,1262,151,696,294,73,2172,24156,222,89,20842,174,1428,1586,26,299,21484,2711,64,220,2223,166,2070
3502002,Analândia,Baixa,0,88.0,5115,45,1679,0,1679,1427,107,6,123,1423,89,6,122,0,17,0,1677,0,0,1386,14,95,162,0,7,1463,115,74,193,46,174,46
3502101,Andradina,Alta,5,343.0,57245,1961,21911,3,21911,20897,917,62,0,20368,894,62,0,144,0,359,21858,11,15,20452,48,476,862,0,0,20904,213,670,37,952,20,944
3502200,Angatuba,Baixa,8,4.0,25724,11,8488,0,8488,7082,422,333,522,7034,421,333,521,4,0,31,8466,4,3,5900,32,624,1851,3,12,7637,166,537,107,1272,106,1271
3502309,Anhembi,Baixa,0,12.0,6911,8,2046,0,2046,1608,230,35,158,1585,229,35,158,0,0,21,2044,0,0,1561,91,52,302,0,3,1800,191,49,82,347,82,346
3502408,Anhumas,Alta,0,700.0,4172,292,1481,0,1481,1260,161,18,26,1260,161,18,26,0,0,0,1479,0,0,1255,17,90,110,0,0,1334,40,88,3,210,3,210
3502507,Aparecida,Baixa,8,12.0,36211,42,11364,0,11364,11195,28,0,104,9393,28,0,104,219,0,1559,11346,7,0,10941,3,79,172,24,79,9262,1928,46,0,146,0,146
3502606,Aparecida d'Oeste,Alta,0,936.0,4122,386,1616,0,1616,1354,242,0,0,1354,240,0,0,0,0,0,1609,0,3,1342,7,126,122,0,0,1422,88,91,7,248,7,246
3502705,Apiaí,Baixa,8,2.0,24081,5,8814,12,8814,7102,131,210,1250,6982,131,210,1247,4,0,98,8741,4,9,5067,75,1016,1856,53,606,7450,671,600,87,1569,85,1568
3502754,Araçariguama,Baixa,0,2.0,23343,5,7395,3,7395,5848,654,391,351,5601,573,381,337,46,81,184,7319,36,19,4206,260,1495,952,0,400,6595,455,162,169,1351,119,1297
3502804,Araçatuba,Média,3,142.0,199210,2822,77766,30,77766,75670,1844,130,8,60010,1365,130,8,2967,84,12569,77655,59,9,75617,108,1145,786,0,9,72591,4651,429,528,1477,132,1395
3502903,Araçoiaba da Serra,Baixa,8,5.0,35389,18,11775,0,11775,9987,878,779,9,9236,859,772,9,713,12,10,11599,41,83,4259,91,5022,2266,3,3,9812,1848,51,471,1242,470,1221
3503000,Aramina,Baixa,0,18.0,5689,10,2001,3,2001,1867,78,30,15,1864,75,30,15,0,0,0,1999,0,0,1827,56,40,68,0,0,1884,77,35,28,98,26,97
3503109,Arandu,Baixa,0,0.0,6373,0,2375,0,2375,1851,356,15,129,1848,342,15,129,0,14,0,2363,0,0,1758,91,327,178,0,0,2219,93,43,185,330,172,329
3503158,Arapeí,Baixa,0,0.0,2452,0,885,0,885,709,25,15,127,704,25,15,127,0,0,3,878,0,0,640,0,158,42,28,8,739,114,27,15,154,15,154
3503208,Araraquara,Alta,3,870.0,240542,20928,92504,11,92504,91166,921,215,71,73509,821,214,70,3179,16,14345,92414,16,12,91251,53,581,501,3,0,89461,2591,266,297,939,209,919
3503307,Araras,Média,7,215.0,136739,2937,47968,0,47968,46215,1144,347,96,39760,719,346,66,1089,24,5294,47887,0,44,46405,151,606,701,4,6,46517,1153,190,670,1008,277,945
3503356,Arco-Íris,Alta,0,604.0,1755,106,731,0,731,546,165,4,3,545,165,4,3,0,0,0,560,166,0,546,178,0,0,0,0,554,47,111,179,0,179,0
3503406,Arealva,Baixa,0,47.0,8665,41,3075,0,3075,2365,580,58,41,2342,545,58,41,20,33,0,3063,9,0,2212,3,498,330,0,0,2479,386,144,115,569,115,536
3503505,Areias,Baixa,0,0.0,3906,0,1227,0,1227,969,35,13,204,969,35,13,203,0,0,0,1226,0,0,870,0,112,65,25,139,1091,77,50,0,253,0,252
3503604,Areiópolis,Baixa,0,13.0,11186,15,3400,0,3400,3225,137,10,20,3215,137,10,20,3,0,0,3397,0,0,3215,3,100,62,0,3,3335,9,21,15,155,15,155
3503703,Ariranha,Baixa,0,67.0,9851,66,2874,0,2874,2766,94,0,0,2766,94,0,0,0,0,0,2871,0,0,2774,9,4,76,0,0,2813,23,30,3,93,3,93
3503802,Artur Nogueira,Baixa,8,48.0,56247,272,18150,0,18150,16084,1342,627,28,15815,1031,607,28,216,306,33,18068,31,21,15985,131,1174,778,3,0,16489,1456,132,290,1722,242,1427
3503901,Arujá,Baixa,5,9.0,92453,87,29334,0,29334,27835,602,487,142,25058,547,473,136,1149,34,1419,29094,93,104,23382,364,3456,1520,81,255,28604,560,94,237,1161,196,1119
3503950,Aspásia,Alta,0,1096.0,1815,199,679,0,679,541,124,9,0,541,124,9,0,0,0,0,679,0,0,545,18,11,102,0,0,556,42,77,58,75,58,75
3504008,Assis,Baixa,7,44.0,105768,466,38160,0,38160,36989,895,165,53,33377,889,164,53,733,0,2825,38071,50,0,36637,61,956,429,0,3,36698,1015,272,94,1021,94,1018
3504107,Atibaia,Baixa,10,77.0,145378,1121,56506,3,56506,43069,5181,7139,457,35859,4092,6597,433,2749,997,4258,55672,319,412,33180,1116,13290,7175,62,1219,51837,4212,243,1148,12088,784,10747
3504206,Auriflama,Média,0,189.0,15316,290,5393,0,5393,4918,438,16,0,4815,438,16,0,0,0,103,5391,0,0,4876,37,261,204,0,0,4933,270,154,169,288,169,288
3504305,Avaí,Baixa,0,79.0,5467,43,1642,0,1642,1289,278,27,37,1288,276,27,37,0,0,0,1632,4,0,1080,49,400,89,3,0,1364,161,84,0,340,0,338
3504404,Avanhandava,Média,0,211.0,14063,297,3537,0,3537,3413,120,0,0,3409,120,0,0,0,0,0,3532,3,0,3413,20,101,0,0,0,3415,3,61,9,109,9,109
3504503,Avaré,Baixa,7,10.0,91792,94,33459,38,33459,31503,1461,76,317,30213,1298,73,316,462,60,675,33370,16,31,31102,288,1069,876,0,0,31627,1246,417,984,919,838,890
3504602,Bady Bassitt,Média,8,188.0,18013,339,9957,0,9957,9497,441,0,0,9019,417,0,0,339,16,116,9948,0,0,9500,10,140,289,0,0,9682,167,98,37,409,13,407
3504701,Balbinos,Baixa,0,10.0,6127,6,539,0,539,497,30,0,7,497,30,0,7,0,0,0,538,0,0,496,0,10,29,0,0,513,0,16,0,39,0,39
3504800,Bálsamo,Alta,0,486.0,9209,448,3708,0,3708,3444,249,3,0,3427,247,3,0,0,0,10,3706,0,0,3442,67,58,127,0,0,3587,40,78,69,185,67,185
3504909,Bananal,Baixa,0,2.0,11039,2,3710,0,3710,3044,67,11,569,2873,67,11,568,43,0,125,3693,12,0,2977,42,334,203,44,62,3121,436,129,22,625,21,625
3505005,Barão de Antonina,Média,0,270.0,3525,95,1336,4,1336,1008,222,8,91,995,221,8,90,7,0,5,1321,11,0,681,313,224,109,0,0,833,492,5,84,242,81,241
3505104,Barbosa,Média,0,100.0,7532,75,2108,0,2108,1937,164,0,0,1886,164,0,0,0,0,51,2108,0,0,1937,0,55,111,0,0,1908,63,101,8,153,8,153
3505203,Bariri,Baixa,8,6.0,35844,20,11744,0,11744,11311,231,120,58,11222,224,120,58,0,6,83,11735,0,3,11292,29,107,277,3,5,11353,156,188,60,349,54,349
3505302,Barra Bonita,Baixa,8,95.0,36125,343,12891,0,12891,12707,95,7,61,12646,95,7,61,3,0,38,12886,0,0,12548,136,135,37,0,7,12507,284,22,36,135,36,135
3505351,Barra do Chapéu,Baixa,0,0.0,5794,0,1876,0,1876,961,94,19,767,949,94,19,765,7,0,3,1848,15,0,654,30,308,790,0,60,1521,81,246,14,896,14,894
3505401,Barra do Turvo,Baixa,0,16.0,7606,12,2562,0,2562,1187,36,47,1223,1180,36,47,1222,0,0,0,2442,86,7,1014,15,594,774,34,49,2131,161,227,0,1358,0,1357
3505500,Barretos,Média,7,164.0,123546,2021,46311,3,46311,44976,1167,70,24,41199,1096,70,24,348,3,3341,46233,25,8,45026,281,524,395,3,6,45152,393,621,383,897,374,830
3505609,Barrinha,Média,8,115.0,33537,387,11196,0,11196,11027,142,12,0,10787,142,12,0,32,0,144,11159,24,0,10976,10,81,90,0,15,11129,29,12,35,119,35,119
3505708,Barueri,Baixa,3,2.0,279704,58,109448,14,109448,109060,207,15,20,72207,128,15,20,5078,0,31097,109285,16,38,105782,978,1324,142,36,576,56734,52633,8,127,167,69,135
3505807,Bastos,Alta,8,311.0,20952,652,7530,3,7530,6401,1070,36,4,6203,1069,36,4,141,0,48,7476,35,6,6391,91,297,723,0,3,6350,619,499,501,610,500,610
3505906,Batatais,Média,5,211.0,63438,1337,21410,0,21410,20807,331,38,188,19491,329,38,188,15,0,1247,21399,0,0,20760,37,301,272,0,0,20498,523,287,140,426,140,424
3506003,Bauru,Média,11,100.0,381706,3831,139983,122,139983,134358,4917,65,96,102811,1563,55,93,3472,47,27706,139444,286,127,135709,116,1595,2092,8,81,131952,7108,465,3521,1898,391,1574
3506102,Bebedouro,Baixa,5,68.0,77612,528,28017,0,28017,27047,825,96,3,26470,824,96,3,83,0,474,28001,0,0,27103,93,81,672,0,38,27270,278,401,414,509,413,509
3506201,Bento de Abreu,Média,0,221.0,3028,67,929,0,929,863,57,3,0,863,57,3,0,0,0,0,929,0,0,864,0,0,64,0,0,890,0,35,41,22,41,22
3506300,Bernardino de Campos,Baixa,0,6.0,11168,7,3879,3,3879,3567,190,33,85,3564,189,33,85,0,0,0,3873,4,0,3556,0,60,247,0,3,3584,187,88,8,297,8,296
3506359,Bertioga,Baixa,5,22.0,66154,146,22685,38,22685,21126,450,71,255,17122,418,65,252,1440,0,2204,20893,1120,604,15700,629,3785,1210,826,211,19949,2542,67,245,1228,234,1153
3506409,Bilac,Média,0,199.0,8197,163,2798,0,2798,2603,175,8,3,2602,175,8,3,0,0,0,2792,0,0,2625,8,17,133,0,0,2683,27,84,33,154,33,154
3506508,Birigui,Alta,7,764.0,126094,9636,45367,0,45367,43775,1334,159,7,39825,1019,159,7,624,94,3244,45338,3,3,44219,129,169,764,0,3,44566,286,309,420,1094,254,942
3506607,Biritiba Mirim,Baixa,8,16.0,33265,54,10427,0,10427,7000,1989,1062,202,6968,1985,1060,199,7,0,12,10139,20,200,6369,166,2030,1508,5,197,9209,735,378,130,3226,130,3217
3506706,Boa Esperança do Sul,Alta,0,502.0,15111,758,4655,3,4655,4398,192,3,35,4389,191,3,35,0,0,0,4639,8,3,4363,30,143,89,0,0,4427,86,108,105,138,104,138
3506805,Bocaina,Média,0,246.0,12571,309,4075,0,4075,3851,117,8,84,3847,116,8,83,0,0,3,4068,3,0,3810,17,106,108,0,11,3909,79,46,4,207,4,205
3506904,Bofete,Baixa,0,3.0,12107,4,3939,0,3939,2777,680,271,169,2740,655,254,160,31,21,0,3933,0,0,2395,138,755,609,0,0,2922,941,37,65,1081,65,1028
3507001,Boituva,Baixa,5,14.0,63310,88,21710,0,21710,19820,1055,703,16,15913,926,701,16,1562,118,2281,21446,14,215,18227,43,1753,1547,0,3,19091,2528,28,172,1666,101,1601
3507100,Bom Jesus dos Perdões,Baixa,8,21.0,26506,56,7713,0,7713,6657,493,307,166,6216,414,302,165,359,71,27,7506,139,44,6154,103,734,621,0,11,7047,593,32,163,866,127,818
3507159,Bom Sucesso de Itararé,Baixa,0,2.0,4013,1,1172,0,1172,837,3,11,299,829,3,11,297,0,0,0,1165,0,0,797,0,91,261,3,6,1140,12,13,0,331,0,329
3507209,Borá,Alta,0,787.0,839,66,322,0,322,267,47,0,3,267,47,0,3,0,0,0,322,0,0,266,5,23,22,0,0,288,3,23,0,51,0,51
3507308,Boracéia,Baixa,0,39.0,4913,19,1635,0,1635,1516,70,6,33,1516,70,6,33,0,0,0,1630,0,0,1523,20,29,55,0,3,1570,11,28,37,67,37,67
3507407,Borborema,Alta,0,942.0,16278,1533,5477,0,5477,5052,212,166,30,4974,198,166,30,69,12,3,5473,0,0,4959,100,148,244,0,0,5130,57,209,21,384,10,383
3507456,Borebi,Alta,0,616.0,2713,167,966,0,966,857,50,23,22,856,50,23,22,0,0,0,965,0,0,844,4,42,71,0,0,889,30,40,9,100,9,100
3507506,Botucatu,Baixa,10,18.0,149718,272,54408,3,54408,52886,985,120,298,45803,938,120,295,447,10,6504,54346,10,4,51784,242,1365,789,0,52,51993,2023,216,254,1179,227,1162
3507605,Bragança Paulista,Baixa,10,15.0,172346,251,63424,7,63424,56343,3616,2951,316,45542,3534,2938,301,2211,4,8408,63209,140,19,53204,463,6257,3014,10,220,58959,4226,38,793,6138,723,6100
3507704,Braúna,Alta,0,509.0,5795,295,1965,0,1965,1792,146,13,7,1782,146,13,7,7,0,0,1963,0,0,1782,0,60,110,0,0,1805,43,79,45,123,45,123
3507753,Brejo Alegre,Alta,0,505.0,2911,147,962,17,962,831,113,8,4,822,113,8,4,6,0,0,955,0,4,771,0,86,95,0,0,939,0,16,0,127,0,127
3507803,Brodowski,Baixa,8,26.0,25605,66,8879,0,8879,8635,89,37,81,7839,89,37,81,746,0,36,8859,10,6,8590,63,95,102,0,10,8595,176,76,67,165,67,165
3507902,Brotas,Média,8,139.0,24862,345,8614,3,8614,7995,400,58,141,7875,400,58,141,5,0,100,8613,0,0,7884,107,296,310,0,0,8231,189,153,313,287,313,287
3508009,Buri,Baixa,0,2.0,20050,4,6972,0,6972,5791,521,192,415,5742,520,189,415,11,0,14,6920,12,17,5494,15,340,1054,0,0,5866,502,511,171,978,171,976
3508108,Buritama,Alta,0,952.0,17414,1657,6691,0,6691,6169,460,44,0,5824,457,44,0,325,0,3,6683,0,0,5705,7,724,224,0,0,6430,63,147,117,386,117,383
3508207,Buritizal,Baixa,0,97.0,4547,44,1661,0,1661,1420,68,78,88,1412,68,78,88,0,0,6,1658,0,0,1442,6,31,174,0,4,1453,120,81,7,224,7,224
3508306,Cabrália Paulista,Média,0,107.0,4222,45,1597,0,1597,1322,243,0,25,1322,243,0,25,0,0,0,1589,5,0,1310,8,116,154,0,0,1400,3,139,14,252,14,252
3508405,Cabreúva,Baixa,8,7.0,51130,35,15544,13,15544,13691,730,773,185,12987,637,730,183,272,89,414,15486,4,15,12981,76,756,1545,14,38,3501,11957,51,179,1619,150,1503
3508504,Caçapava,Baixa,7,11.0,95752,101,33652,12,33652,32230,565,631,122,29260,431,627,122,1083,101,1820,33193,287,124,29148,101,2789,1168,40,261,32323,1130,122,222,1137,136,1081
3508603,Cachoeira Paulista,Baixa,8,4.0,33827,15,10903,0,10903,10205,282,139,238,9693,281,139,238,7,0,494,10866,8,7,9643,43,553,206,52,329,10524,236,88,22,648,22,647
3508702,Caconde,Baixa,0,3.0,19031,5,6208,0,6208,4346,329,55,1448,4226,324,55,1446,5,0,113,6193,4,0,4215,83,405,1146,23,252,4345,1408,426,131,1715,131,1710
3508801,Cafelândia,Baixa,0,45.0,17917,80,6238,0,6238,5744,370,75,29,5728,369,75,29,0,0,0,6217,8,0,5700,65,148,279,0,8,5845,59,261,144,335,144,333
3508900,Caiabu,Média,0,157.0,4195,66,1467,0,1467,1247,213,0,0,1241,213,0,0,5,0,0,1466,0,0,1178,0,213,64,0,0,1322,5,124,18,194,18,194
3509007,Caieiras,Baixa,7,8.0,104044,82,32681,0,32681,31599,89,110,632,29397,86,110,505,609,3,1519,32598,27,12,28374,180,2053,526,311,1012,30346,2231,25,81,942,77,790
3509106,Caiuá,Baixa,0,80.0,6017,48,1692,0,1692,1004,669,11,0,1003,668,11,0,0,0,0,1690,0,0,923,0,257,493,0,0,1073,27,512,477,204,476,204
3509205,Cajamar,Baixa,5,18.0,79034,139,32631,3,32631,30129,636,1280,155,21697,579,1270,152,823,45,7481,32187,58,337,25441,580,1683,2437,183,2042,27207,5246,61,76,2352,64,2229
3509254,Cajati,Baixa,8,1.0,28441,3,9906,0,9906,7962,413,263,798,7545,413,263,797,47,0,357,9861,13,3,6848,217,1877,269,259,307,9309,341,193,109,1801,109,1795
3509304,Cajobi,Média,0,220.0,10649,234,3513,0,3513,3303,191,8,0,3301,191,8,0,0,0,0,3513,0,0,3199,186,16,103,0,0,3353,58,78,64,136,64,136
3509403,Cajuru,Baixa,8,1.0,26613,3,8600,0,8600,7599,491,53,410,7374,428,53,408,184,59,22,8573,3,3,7546,131,445,425,0,9,7660,567,314,227,757,206,707
3509452,Campina do Monte Alegre,Baixa,0,0.0,6088,0,2194,0,2194,1930,128,102,26,1921,128,102,26,0,0,0,2190,0,0,1756,0,331,99,0,0,2089,64,24,17,242,17,242
3509502,Campinas,Baixa,4,92.0,1223237,11275,429504,111,429504,424586,2372,583,199,277445,1876,556,187,13379,437,131817,428583,296,246,401632,2563,8404,7871,379,6921,370997,57043,385,1722,2699,1278,2546
3509601,Campo Limpo Paulista,Baixa,5,12.0,86407,106,26666,84,26666,24523,942,908,41,23931,914,900,39,22,23,509,26427,149,29,20691,540,2564,2439,16,233,26105,431,17,282,1747,281,1710
3509700,Campos do Jordão,Baixa,8,1.0,52713,4,16107,3,16107,14420,68,3,1431,13188,42,0,1379,276,12,892,16053,6,12,13490,65,1155,657,52,453,12818,3176,15,202,1397,192,1324
3509809,Campos Novos Paulista,Alta,0,412.0,5028,207,1806,0,1806,1483,243,41,32,1477,243,41,32,5,0,0,1803,0,0,1475,7,43,272,0,0,1613,52,139,13,307,13,307
3509908,Cananéia,Baixa,0,2.0,12542,2,4364,0,4364,3761,148,51,283,3740,148,51,282,3,0,5,4286,26,30,3456,63,582,116,36,23,3986,200,69,101,474,100,474
3509957,Canas,Baixa,0,0.0,5268,0,1575,0,1575,1480,67,14,7,1462,67,14,7,7,0,10,1572,0,0,1345,13,61,89,42,5,1506,28,20,4,86,4,86
3510005,Cândido Mota,Baixa,8,19.0,31410,60,10895,0,10895,10282,396,150,33,10240,396,150,33,0,0,31,10888,0,0,10199,5,273,373,0,0,10439,209,168,32,562,32,562
3510104,Cândido Rodrigues,Média,0,189.0,2805,53,1102,0,1102,984,115,0,0,982,115,0,0,0,0,0,1102,0,0,980,4,16,86,12,0,1007,11,43,0,117,0,117
3510153,Canitar,Média,0,110.0,5365,59,2077,0,2077,1947,102,0,23,1946,102,0,23,0,0,0,2076,0,0,1980,21,9,47,0,0,1948,99,16,84,41,84,41
3510203,Capão Bonito,Baixa,8,6.0,47098,27,16041,3,16041,14063,428,772,665,13738,422,772,665,76,0,209,15830,136,18,12622,120,705,2458,0,31,15126,175,635,186,1748,182,1744
3510302,Capela do Alto,Baixa,0,11.0,21257,23,7115,3,7115,5962,815,256,12,5946,814,256,12,7,0,0,7013,38,45,4918,7,1110,1027,3,0,968,6080,26,63,1060,63,1059
3510401,Capivari,Baixa,8,22.0,56973,127,17188,5,17188,16661,372,28,24,15931,371,28,24,229,0,474,17124,4,41,15798,40,735,294,53,167,15347,1736,66,174,313,170,311
3510500,Caraguatatuba,Baixa,7,18.0,125194,224,48616,45,48616,46399,406,43,790,42058,363,43,650,1261,35,2766,48059,173,300,39742,1174,4646,2010,541,89,47075,1239,26,507,1581,463,1380
3510609,Carapicuíba,Baixa,11,4.0,405375,152,136773,43,136773,135679,378,134,107,110999,200,132,106,2257,3,21283,136372,204,32,118305,2286,4041,1954,515,8405,126938,9542,0,285,546,146,488
3510708,Cardoso,Média,0,181.0,12371,224,4603,0,4603,4171,360,38,10,4163,338,38,10,4,21,0,4594,0,0,4137,8,207,231,0,0,4269,187,123,89,318,84,301
3510807,Casa Branca,Baixa,8,2.0,30655,5,9744,8,9744,8681,703,150,169,8472,697,150,169,29,0,156,9661,66,7,8809,0,228,639,9,8,8895,383,300,157,878,150,876
3510906,Cássia dos Coqueiros,Baixa,0,64.0,2488,16,1076,0,1076,754,151,21,140,750,151,21,139,4,0,0,1073,0,0,694,0,88,283,0,0,855,129,85,0,319,0,317
3511003,Castilho,Média,0,265.0,21521,571,7326,47,7326,5531,1668,71,0,5494,1667,71,0,32,0,0,7264,24,19,5193,444,604,1050,0,0,5750,665,780,573,1209,573,1205
3511102,Catanduva,Alta,7,303.0,123114,3731,44039,0,44039,43150,714,89,3,38933,554,89,3,474,5,3693,43994,10,15,43232,6,494,192,10,6,42543,1265,124,188,621,69,579
3511201,Catiguá,Alta,0,330.0,7905,261,2510,0,2510,2398,95,9,0,2392,95,9,0,4,0,0,2506,0,0,2399,0,19,84,0,0,2437,28,32,101,4,101,4
3511300,Cedral,Alta,0,895.0,9452,846,4656,0,4656,4134,451,60,0,4126,451,60,0,0,0,4,4640,13,0,4063,30,345,195,0,0,4422,18,165,83,423,83,423
3511409,Cerqueira César,Baixa,8,6.0,20391,12,7391,0,7391,6728,430,26,190,6670,430,26,190,9,0,39,7379,0,6,6634,7,168,548,4,0,6767,273,234,62,590,62,590
3511508,Cerquilho,Baixa,8,49.0,50631,247,15904,0,15904,15025,572,106,76,14618,550,103,66,208,19,181,15888,3,0,14865,25,299,667,5,6,15508,301,45,57,796,55,764
3511607,Cesário Lange,Baixa,0,96.0,18595,178,6133,0,6133,5051,357,613,42,4995,351,613,41,41,0,3,6052,66,7,4428,37,344,1282,0,0,5987,52,31,139,911,139,904
3511706,Charqueada,Alta,0,319.0,17539,559,5340,0,5340,5195,56,44,21,5187,56,44,21,0,0,0,5335,0,3,4441,7,96,700,31,28,5257,28,29,0,123,0,123
3511904,Clementina,Média,0,273.0,8894,243,2566,0,2566,2464,84,4,0,2459,84,4,0,0,0,3,2563,0,0,2465,3,48,37,0,0,2480,20,54,0,91,0,91
3512001,Colina,Baixa,0,88.0,18601,164,6560,0,6560,6257,229,33,25,6208,229,33,25,21,0,16,6548,0,0,6256,108,129,8,9,27,6316,22,162,120,175,120,175
3512100,Colômbia,Alta,0,344.0,6223,214,2323,20,2323,1924,302,77,0,1915,300,77,0,4,0,0,2295,20,5,1930,63,189,115,0,0,2074,13,209,209,174,209,173
3512209,Conchal,Baixa,8,12.0,28491,34,9453,0,9453,8833,223,185,177,8624,221,184,175,3,0,198,9419,19,0,8791,64,115,338,0,106,9038,246,144,120,476,120,471
3512308,Conchas,Baixa,0,1.0,18138,2,5588,0,5588,4457,532,343,169,4431,532,343,169,0,0,23,5500,9,70,4103,133,613,628,41,15,4756,472,313,22,1097,22,1097
3512407,Cordeirópolis,Média,8,219.0,25116,549,8524,0,8524,8174,228,79,15,7639,228,79,15,14,0,513,8470,27,9,7858,59,149,396,0,28,8235,200,53,113,219,113,219
3512506,Coroados,Alta,0,768.0,6197,476,2021,0,2021,1736,241,37,0,1732,240,37,0,3,0,0,2020,0,0,1740,120,40,120,0,0,1925,9,63,51,229,51,228
3512605,Coronel Macedo,Baixa,0,0.0,4591,0,1654,0,1654,1390,100,9,146,1388,99,9,145,0,0,0,1650,0,0,1324,7,171,138,0,0,1491,22,111,5,254,5,252
3512704,Corumbataí,Baixa,0,52.0,4072,21,1458,0,1458,992,250,49,138,980,250,49,136,10,0,0,1449,0,5,911,6,261,245,7,0,1054,190,189,25,434,25,432
3512803,Cosmópolis,Baixa,5,69.0,74662,513,21678,0,21678,20588,461,345,13,19137,452,340,13,110,0,1298,21624,11,4,20213,83,474,580,12,224,20488,1084,38,61,1000,51,991
3512902,Cosmorama,Alta,0,325.0,7289,237,3267,0,3267,2686,495,64,7,2676,495,64,7,0,0,3,3256,6,0,2687,8,311,247,0,0,2764,148,318,32,535,32,535
3513009,Cotia,Baixa,3,10.0,257882,259,95891,20,95891,89644,2690,2494,143,64643,1776,2418,136,9823,603,14505,95185,97,431,58659,2985,19734,8264,453,4710,84492,10712,283,1192,4732,878,3955
3513108,Cravinhos,Baixa,8,14.0,35858,51,11347,0,11347,11140,76,8,110,11007,75,8,110,75,0,48,11342,3,0,11111,20,67,127,0,0,11177,74,86,6,188,6,187
3513207,Cristais Paulista,Baixa,0,68.0,8803,60,3262,0,3262,2465,584,30,158,2404,462,30,157,37,121,22,3252,6,0,2371,115,564,181,0,0,2737,258,219,37,744,34,624
3513306,Cruzália,Média,0,129.0,2021,26,822,0,822,697,67,48,0,693,67,48,0,0,0,0,821,0,0,699,0,7,106,0,0,754,34,24,0,115,0,115
3513405,Cruzeiro,Baixa,5,2.0,82895,15,26774,9,26774,26314,58,54,201,24258,58,54,200,240,0,1711,26667,26,41,25287,52,251,372,73,665,25769,846,100,67,358,67,357
3513504,Cubatão,Baixa,7,4.0,132521,47,40067,0,40067,38595,44,0,1136,28988,44,0,1120,1222,0,7991,39780,213,19,30418,777,662,1075,3328,3567,28351,11338,0,731,675,711,640
3513603,Cunha,Baixa,0,0.0,21373,1,8573,0,8573,5113,263,572,2559,4920,262,570,2556,0,0,178,8486,43,3,4826,112,311,2649,186,380,4892,1886,1667,16,3402,16,3396
3513702,Descalvado,Média,8,249.0,34097,848,11396,4,11396,10465,552,43,305,10369,551,43,304,33,0,50,11385,0,5,10438,143,408,352,4,0,10608,138,424,161,744,160,743
3513801,Diadema,Baixa,11,4.0,429550,175,144815,11,144815,144577,87,0,6,116033,53,0,6,628,0,27000,144143,578,16,141152,1824,844,76,94,405,137680,6562,0,26,108,6,89
3513850,Dirce Reis,Alta,0,1341.0,1805,242,642,0,642,556,78,3,0,556,78,3,0,0,0,0,642,0,0,548,3,0,88,0,0,620,0,17,6,75,6,75
3513900,Divinolândia,Baixa,0,10.0,11027,11,4189,0,4189,2861,53,26,1226,2823,53,26,1226,0,0,28,4185,0,0,2580,4,152,665,32,652,3179,587,358,36,1270,36,1270
3514007,Dobrada,Média,0,298.0,9088,271,3076,0,3076,2998,54,0,3,2968,54,0,3,0,0,0,3064,0,8,3001,0,21,35,0,3,3041,0,12,7,59,7,59
3514106,Dois Córregos,Baixa,8,22.0,27704,62,8846,0,8846,8489,204,18,105,8438,186,18,105,12,14,21,8829,4,3,8229,400,102,60,0,5,8491,167,143,201,135,183,135
3514205,Dolcinópolis,Alta,0,1048.0,2108,221,887,0,887,803,76,4,0,803,76,4,0,0,0,0,887,0,0,807,0,19,57,0,0,812,30,34,3,77,3,77
3514304,Dourado,Média,0,245.0,8883,218,3103,0,3103,2945,88,9,57,2945,88,9,57,0,0,0,3098,0,0,2917,52,116,3,0,0,2954,111,28,34,120,34,120
3514403,Dracena,Alta,8,375.0,47287,1771,17093,0,17093,16412,583,47,7,15943,583,47,7,129,0,315,17081,0,0,15863,20,532,618,4,0,16404,333,211,116,544,116,539
3514502,Duartina,Alta,0,540.0,12421,671,4790,0,4790,4247,474,8,33,4239,473,8,33,0,0,0,4735,41,10,4236,14,394,119,3,0,4360,220,163,20,510,20,510
3514601,Dumont,Média,0,206.0,10174,210,3296,0,3296,3223,31,6,31,3197,30,6,31,15,0,5,3296,0,0,3214,4,50,21,0,0,3245,14,25,3,65,3,64
3514700,Echaporã,Baixa,0,60.0,6026,36,2283,0,2283,1952,231,35,60,1950,200,35,60,0,31,0,2283,0,0,1921,0,112,236,0,0,2089,58,122,31,295,21,274
3514809,Eldorado,Baixa,0,0.0,15592,0,4590,0,4590,2629,176,578,1139,2592,174,572,1137,0,0,32,4557,10,8,2523,41,903,794,192,50,3465,468,525,126,1817,123,1808
3514908,Elias Fausto,Baixa,0,6.0,18095,11,5964,0,5964,5065,748,68,56,4999,731,68,56,23,12,31,5946,11,0,5026,10,472,429,0,0,404,5473,63,124,757,105,753
3514924,Elisiário,Alta,0,489.0,3742,183,1184,0,1184,1105,72,7,0,1105,72,7,0,0,0,0,1179,5,0,1104,4,18,52,0,0,1171,6,5,4,75,4,75
3514957,Embaúba,Alta,0,1034.0,2446,253,896,0,896,785,98,3,4,785,98,3,4,0,0,0,894,0,0,792,4,25,69,0,0,827,3,43,6,98,6,98
3515004,Embu das Artes,Baixa,3,2.0,279264,56,87972,63,87972,86556,319,412,19,80236,315,402,19,637,3,5203,87079,556,205,68682,1089,4669,4546,520,7588,78134,8879,68,222,963,221,945
3515103,Embu-Guaçu,Baixa,5,1.0,70402,7,23377,0,23377,18448,3725,798,83,17340,3290,784,83,203,422,778,23198,34,71,10125,480,6008,5822,123,529,21655,1422,139,910,3889,608,3741
3515129,Emilianópolis,Baixa,0,65.0,3238,21,1177,0,1177,1039,115,9,0,1039,115,9,0,0,0,0,1176,0,0,1032,0,60,74,0,0,1105,23,43,44,85,44,85
3515152,Engenheiro Coelho,Baixa,0,20.0,21712,43,6884,0,6884,5060,1577,184,17,4504,832,179,16,104,484,424,6868,0,0,4927,78,1487,345,0,0,6193,522,142,218,1573,145,893
3515186,Espírito Santo do Pinhal,Média,8,153.0,44607,682,14372,0,14372,13118,592,90,546,12496,591,90,546,49,0,559,14357,0,3,13078,56,461,677,7,11,13671,392,253,403,828,403,827
3515194,Espírito Santo do Turvo,Alta,0,390.0,4926,192,1482,0,1482,1277,188,0,15,1273,188,0,15,0,0,0,1482,0,0,1281,0,31,169,0,0,1379,14,87,99,105,99,105
3515202,Estrela d'Oeste,Alta,0,439.0,8420,370,3464,6,3464,2964,472,11,0,2944,472,11,0,0,0,17,3459,0,0,2901,6,341,191,3,4,2974,213,230,13,473,13,473
3515301,Estrela do Norte,Média,0,133.0,2774,37,971,0,971,783,147,19,18,783,147,19,18,0,0,0,967,4,0,783,7,28,144,0,0,783,5,157,4,182,4,182
3515350,Euclides da Cunha Paulista,Alta,0,705.0,9280,654,3022,0,3022,2111,801,92,3,2111,800,92,3,0,0,0,3011,0,0,1877,4,53,1062,0,0,2130,85,642,61,844,61,843
3515400,Fartura,Baixa,0,48.0,16102,77,6214,0,6214,5091,272,72,695,5059,272,72,694,14,0,14,6203,3,0,5006,18,416,718,11,0,5286,600,240,16,1084,16,1083
3515509,Fernandópolis,Média,5,131.0,69680,915,27621,0,27621,26689,796,58,3,25394,784,56,0,201,10,1037,27598,0,0,26676,40,348,509,0,0,26826,198,385,45,813,37,806
3515608,Fernando Prestes,Média,0,121.0,5805,70,2237,0,2237,2028,192,0,0,2025,192,0,0,0,0,0,2237,0,0,2034,0,8,180,0,0,2076,3,113,0,197,0,197
3515657,Fernão,Média,0,138.0,1739,24,613,0,613,370,209,8,21,370,209,8,21,0,0,0,612,0,0,367,3,113,127,0,0,591,0,19,4,234,4,234
3515707,Ferraz de Vasconcelos,Baixa,10,10.0,198661,198,61296,158,61296,60167,282,69,30,51588,278,69,30,780,0,7419,60931,60,188,53656,916,1758,1234,285,2784,57162,3728,59,364,650,357,648
3515806,Flora Rica,Baixa,0,0.0,1397,0,610,0,610,523,84,0,0,523,84,0,0,0,0,0,605,3,0,520,3,55,30,0,0,528,0,60,4,82,4,82
3515905,Floreal,Alta,0,1037.0,2884,299,1120,0,1120,965,151,0,0,965,151,0,0,0,0,0,1120,0,0,963,9,141,0,0,0,992,55,60,3,148,3,148
3516002,Flórida Paulista,Média,0,155.0,14936,231,4313,0,4313,3956,320,20,0,3953,320,20,0,0,0,0,4307,0,0,3944,51,147,148,0,0,3983,76,178,46,301,46,301
3516101,Florínea,Baixa,0,30.0,2631,8,1052,0,1052,927,106,3,6,927,77,3,6,0,23,0,1050,0,0,916,0,20,101,0,0,991,8,32,4,117,4,89
3516200,Franca,Média,11,198.0,358539,7109,127909,8,127909,125806,1017,465,463,102226,743,400,418,1545,265,21828,127839,3,3,125175,27,1561,916,14,24,123763,3600,363,315,1691,301,1310
3516309,Francisco Morato,Baixa,10,3.0,179372,52,57668,7,57668,56490,463,253,63,54249,436,253,63,178,26,1979,57307,96,120,38362,1047,5821,4199,774,6724,53964,2890,279,311,632,298,617
3516408,Franco da Rocha,Baixa,7,6.0,158438,90,49307,3,49307,48405,476,119,90,44255,463,114,90,287,12,3396,49019,128,87,38234,547,2665,3240,299,3842,47097,1799,101,175,633,168,620
3516507,Gabriel Monteiro,Alta,0,1722.0,2776,478,1071,0,1071,948,117,0,0,948,117,0,0,0,0,0,1071,0,0,950,0,88,29,0,0,1004,15,42,0,119,0,119
3516606,Gália,Alta,0,478.0,6419,307,2441,6,2441,1971,335,24,101,1970,334,24,101,0,0,0,2440,0,0,1957,84,203,176,0,3,2096,178,155,25,441,25,440
3516705,Garça,Alta,8,1815.0,44429,8064,15523,0,15523,14850,457,45,155,14732,456,45,155,5,0,90,15512,5,0,14812,155,362,158,0,0,15100,102,290,150,507,150,506
3516804,Gastão Vidigal,Alta,0,607.0,4911,298,1244,0,1244,1121,109,6,0,1120,109,6,0,0,0,0,1242,0,0,1125,0,28,85,0,0,1169,45,27,6,111,6,111
3516853,Gavião Peixoto,Alta,0,547.0,4841,265,1640,0,1640,1559,59,0,18,1542,59,0,18,7,0,8,1640,0,0,1552,0,83,0,0,0,1580,26,30,0,78,0,78
3516903,General Salgado,Alta,0,1110.0,10855,1205,4017,0,4017,3650,334,10,3,3630,334,10,3,0,0,17,4010,0,0,3599,0,286,115,0,0,3701,135,163,17,331,17,331
3517000,Getulina,Baixa,0,29.0,11485,33,3404,0,3404,3008,354,34,0,3006,354,34,0,0,0,0,3403,0,0,2974,21,191,201,0,3,3040,148,166,253,138,253,138
3517109,Glicério,Alta,0,690.0,4842,334,1552,0,1552,1257,253,40,0,1169,220,40,0,82,33,0,1551,0,0,1179,31,114,221,0,0,1465,8,76,9,278,6,250
3517208,Guaiçara,Baixa,0,80.0,12416,99,3987,0,3987,3659,287,26,4,3657,257,26,4,0,28,0,3920,67,0,3642,7,233,89,0,0,3762,145,58,11,306,11,276
3517307,Guaimbê,Média,0,217.0,5806,126,2053,0,2053,1840,164,34,11,1838,163,34,11,0,0,0,2049,0,4,1839,5,100,105,0,0,1889,51,93,0,210,0,209
3517406,Guaíra,Média,8,110.0,41283,454,14707,0,14707,14272,262,128,8,14206,262,128,8,17,0,29,14677,22,0,14280,79,64,238,0,4,14309,67,277,68,341,68,341
3517505,Guapiaçu,Média,8,269.0,22087,595,7735,0,7735,7177,517,15,6,7057,517,15,6,38,0,75,7730,0,0,6770,16,708,218,0,0,7415,39,204,63,479,63,479
3517604,Guapiara,Baixa,0,1.0,16896,1,6156,0,6156,3715,326,449,1598,3705,326,449,1597,3,0,0,6122,4,0,2231,72,293,3244,7,165,5041,485,568,141,2271,141,2270
3517703,Guará,Baixa,0,0.0,21394,1,6681,0,6681,5959,325,340,28,5933,322,333,28,12,0,12,6647,0,16,6460,10,21,147,0,0,6421,95,102,280,421,280,411
3517802,Guaraçaí,Alta,0,1634.0,8258,1349,2941,0,2941,2458,440,16,4,2456,440,16,4,0,0,0,2934,3,0,2416,21,179,302,0,0,2462,64,366,91,384,91,384
3517901,Guaraci,Média,0,139.0,11382,158,3915,0,3915,3389,414,67,21,3358,403,67,21,13,9,9,3887,15,7,3439,14,211,223,0,10,3610,143,139,210,293,207,285
3518008,Guarani d'Oeste,Média,0,205.0,1996,41,808,0,808,697,85,3,8,697,85,3,8,0,0,0,808,0,0,702,0,34,68,0,0,715,55,35,4,97,4,97
3518107,Guarantã,Baixa,0,27.0,6685,18,2295,0,2295,1884,382,4,16,1883,382,4,16,0,0,0,2286,3,0,1869,0,76,335,0,4,1897,116,256,0,406,0,406
3518206,Guararapes,Média,8,244.0,33257,810,11649,0,11649,11068,423,113,7,10866,422,112,7,132,0,36,11642,0,0,11064,49,219,270,0,0,11090,187,229,36,523,35,522
3518305,Guararema,Baixa,8,5.0,30465,15,11086,0,11086,8043,1766,853,204,7202,1621,836,194,349,131,476,10895,4,152,6525,212,2797,1185,48,188,8983,1904,123,330,2649,202,2488
3518404,Guaratinguetá,Baixa,7,4.0,123192,51,41900,62,41900,40156,510,467,627,34968,510,466,622,1027,0,4065,41826,3,26,37368,26,763,2120,120,1276,39923,1684,194,164,1509,162,1502
3518503,Guareí,Baixa,0,2.0,19244,4,4513,0,4513,3826,332,178,120,3821,331,178,120,5,0,0,4477,6,8,2594,53,626,1183,3,10,4035,205,203,96,572,96,571
3518602,Guariba,Média,8,262.0,40857,1072,12897,0,12897,12284,502,39,30,12186,475,34,30,30,8,0,12871,15,0,12670,17,84,106,0,7,12811,31,30,238,315,230,290
3518701,Guarujá,Baixa,3,3.0,324977,86,99365,93,99365,93640,505,55,2846,76702,492,55,2816,1565,0,14701,96025,2063,1088,82145,2704,3828,607,3990,4612,80308,18695,26,867,4707,839,4389
3518800,Guarulhos,Baixa,4,8.0,1404694,1071,450509,263,450509,445019,1407,594,265,333425,1366,574,261,5130,0,102784,448347,1092,502,411089,2961,4735,2393,1824,24776,424797,22169,292,1974,2606,1569,2322
3518859,Guatapará,Baixa,0,71.0,7760,55,2533,19,2533,2298,168,6,43,2295,168,6,43,0,0,0,2515,8,8,2164,202,117,31,0,0,2338,8,155,48,179,48,179
3518909,Guzolândia,Média,0,159.0,5346,85,1630,0,1630,1457,155,14,0,1455,155,14,0,0,0,0,1629,0,0,1455,9,40,118,0,0,1457,98,69,27,142,27,142
3519006,Herculândia,Média,0,252.0,9649,243,3303,0,3303,2891,397,0,0,2891,395,0,0,0,0,0,3297,3,0,2841,218,68,160,0,0,3054,39,169,375,23,373,23
3519055,Holambra,Baixa,0,87.0,15605,136,5163,0,5163,4046,790,280,22,3909,691,247,21,88,88,43,5158,0,0,3957,42,896,233,9,4,5008,120,7,166,935,124,845
3519071,Hortolândia,Baixa,3,48.0,237570,1145,80791,16,80791,79669,182,59,0,63614,80,59,0,3174,4,12730,80250,17,467,77607,169,1485,561,53,643,75105,5610,3,376,668,277,665
3519105,Iacanga,Média,0,152.0,12002,183,3948,0,3948,3609,311,13,0,3593,308,13,0,6,3,4,3947,0,0,3471,63,388,9,0,0,3671,14,239,12,310,12,310
3519204,Iacri,Alta,0,560.0,6269,351,2257,0,2257,1940,266,46,0,1940,266,45,0,0,0,0,2252,0,0,1903,6,29,311,0,0,2001,13,218,38,273,38,272
3519253,Iaras,Média,0,258.0,9786,252,1791,44,1791,1183,479,68,25,1180,479,68,25,0,0,0,1764,19,3,1129,20,339,290,0,0,1270,7,458,8,580,8,580
3519303,Ibaté,Alta,8,386.0,35830,1382,11089,0,11089,10914,107,15,30,10868,107,15,30,4,0,8,11080,0,3,10831,51,113,71,0,0,10922,111,23,34,121,34,120
3519402,Ibirá,Alta,0,665.0,12639,841,4404,0,4404,4092,270,0,6,3998,267,0,6,0,0,94,4398,0,0,4142,29,174,31,0,0,4266,23,75,53,233,53,232
3519501,Ibirarema,Baixa,0,3.0,7926,2,2403,0,2403,2245,132,7,9,2189,131,7,9,55,0,0,2401,0,0,2254,13,97,29,0,0,2267,49,71,10,136,10,135
3519600,Ibitinga,Baixa,5,82.0,61150,504,22203,0,22203,21446,511,71,132,21016,489,71,132,4,22,387,22181,5,0,21380,161,168,390,0,57,21460,525,173,177,539,170,524
3519709,Ibiúna,Baixa,5,1.0,80062,9,26339,3,26339,12789,3017,9401,742,11846,2819,9238,724,230,172,649,25528,551,104,6174,1391,7561,10259,130,420,19427,5146,1461,1389,11979,1358,11624
3519808,Icém,Média,0,213.0,8363,178,2592,3,2592,2335,204,29,13,2327,195,29,13,6,8,0,2586,0,0,2435,0,25,122,0,0,2486,42,45,89,155,89,146
3519907,Iepê,Média,0,153.0,8228,126,2901,5,2901,2587,245,14,24,2580,245,14,24,0,0,0,2894,0,6,2482,66,113,217,0,0,2698,73,102,188,114,188,114
3520004,Igaraçu do Tietê,Baixa,8,17.0,24821,43,8187,0,8187,8076,42,0,45,8010,27,0,44,10,15,0,8142,24,15,7998,14,48,115,0,0,8042,51,64,4,100,0,86
3520103,Igarapava,Baixa,8,23.0,30791,70,9853,0,9853,9420,197,39,151,9305,192,39,151,11,0,92,9821,9,8,9401,215,92,85,3,11,9517,187,128,107,299,107,294
3520202,Igaratá,Baixa,0,5.0,9631,5,3923,0,3923,2577,395,458,387,2470,371,451,387,27,24,74,3894,0,14,1536,17,1041,1191,32,63,3339,415,108,61,1255,60,1216
3520301,Iguape,Baixa,8,3.0,31117,8,10815,0,10815,8112,804,423,1164,8009,801,423,1144,25,0,41,10613,60,92,6810,153,2024,1507,181,4,9024,689,994,110,2549,108,2528
3520400,Ilhabela,Média,8,119.0,36194,430,12692,0,12692,10670,30,5,1135,10020,27,5,1072,376,0,228,12526,67,71,7514,374,4128,403,12,51,9662,2884,21,302,1664,274,1592
3520426,Ilha Comprida,Baixa,0,3.0,11552,4,5249,3,5249,4901,248,11,3,4764,243,11,3,3,0,106,5116,56,38,2403,50,2271,461,3,0,4576,648,3,40,270,36,261
3520442,Ilha Solteira,Baixa,8,22.0,26886,58,9704,0,9704,9179,271,220,17,8818,271,220,17,24,0,318,9697,0,0,8419,80,151,1037,0,0,9119,124,389,14,504,14,504
3520509,Indaiatuba,Baixa,3,53.0,260690,1382,90742,0,90742,87442,1914,1139,101,66405,1685,991,98,6610,212,14118,90155,350,169,86722,356,2734,744,0,7,82618,7928,66,526,2668,411,2400
3520608,Indiana,Alta,0,497.0,4873,242,1919,0,1919,1658,243,10,4,1657,243,10,4,0,0,0,1917,0,0,1676,0,58,176,0,0,1812,44,59,40,219,40,219
3520707,Indiaporã,Baixa,0,31.0,3876,12,1662,0,1662,1365,239,38,0,1363,227,38,0,0,11,0,1658,0,0,1317,8,118,206,0,0,1419,166,51,14,268,14,256
3520806,Inúbia Paulista,Alta,0,687.0,4045,278,1312,0,1312,1213,98,0,0,1212,98,0,0,0,0,0,1312,0,0,1213,11,53,28,3,0,1253,44,8,98,0,98,0
3520905,Ipaussu,Baixa,0,19.0,15165,29,4877,0,4877,4498,296,0,62,4484,296,0,62,0,0,12,4873,0,0,4659,14,111,51,0,4,4743,52,54,256,111,256,111
3521002,Iperó,Baixa,8,3.0,38771,13,11765,29,11765,10144,876,501,89,9719,862,501,89,99,0,309,11377,18,339,7814,69,1817,1975,0,4,5632,6007,80,146,1428,143,1409
3521101,Ipeúna,Baixa,0,59.0,7824,46,2392,0,2392,2206,73,39,66,2184,73,39,66,0,0,21,2387,0,0,1986,26,230,124,12,0,2235,106,42,24,158,24,158
3521150,Ipiguá,Baixa,0,83.0,5557,46,2445,0,2445,1608,802,13,0,1585,757,13,0,16,43,0,2442,0,0,1572,84,426,351,0,0,2200,125,106,198,632,182,601
3521200,Iporanga,Baixa,0,0.0,4180,0,1441,0,1441,830,0,0,575,829,0,0,574,0,0,0,1429,4,0,794,23,135,427,0,19,1131,33,250,120,487,120,486
3521309,Ipuã,Baixa,0,49.0,16794,83,5337,3,5337,5209,95,8,15,5180,95,8,15,0,0,16,5333,0,0,5197,27,69,26,0,0,5143,97,60,10,112,10,112
3521408,Iracemápolis,Baixa,8,35.0,24982,87,7539,0,7539,7505,7,4,7,7177,7,4,7,228,0,91,7534,0,0,7487,17,4,14,0,0,7405,111,8,5,22,5,22
3521507,Irapuã,Baixa,0,11.0,8101,9,2457,0,2457,2240,172,37,0,2239,172,37,0,0,0,0,2456,0,0,2246,8,49,148,0,0,2159,237,58,8,201,8,201
3521606,Irapuru,Média,0,181.0,8356,151,2358,0,2358,2123,193,35,0,2119,193,35,0,0,0,0,2355,0,0,2089,9,42,196,0,0,2132,25,158,11,217,11,217
3521705,Itaberá,Baixa,0,5.0,17405,8,6515,0,6515,4546,879,211,846,4536,879,211,846,0,0,6,6489,11,4,4278,38,640,1464,4,45,5413,363,670,283,1660,283,1659
3521804,Itaí,Baixa,8,1.0,27632,4,8659,0,8659,7087,1051,123,367,7072,1045,123,366,0,0,9,8641,3,0,6903,51,1026,568,0,71,7685,439,361,102,1450,102,1441
3521903,Itajobi,Alta,0,794.0,15331,1218,6216,0,6216,5470,697,17,0,5470,697,17,0,0,0,0,6213,0,0,5482,28,390,287,0,0,5551,155,397,7,709,7,709
3522000,Itaju,Baixa,0,43.0,3937,17,1305,0,1305,999,212,51,40,999,209,51,40,0,3,0,1305,0,0,1017,6,113,157,0,0,1040,156,99,35,264,35,262
3522109,Itanhaém,Baixa,7,9.0,104351,98,41961,12,41961,39217,1353,110,341,34881,1325,103,339,304,16,3878,41411,166,301,24192,2173,11385,2390,1164,274,38549,2453,305,489,2144,477,2119
3522158,Itaoca,Baixa,0,3.0,3332,1,1262,0,1262,883,0,0,307,871,0,0,307,6,0,4,1239,10,6,398,0,180,572,47,45,186,1037,27,49,324,49,323
3522208,Itapecerica da Serra,Baixa,10,1.0,179574,10,54546,18,54546,49537,2860,1410,219,48091,2668,1388,218,254,180,1021,54047,99,264,33436,1019,11752,5716,158,1833,49163,4591,152,304,4507,293,4298
3522307,Itapetininga,Baixa,10,4.0,167106,69,54533,0,54533,51346,1364,1205,438,46302,1364,1204,438,2566,0,2364,54411,16,38,48867,173,1706,3411,5,144,52003,1647,699,332,2748,332,2747
3522406,Itapeva,Baixa,5,67.0,95241,638,31768,6,31768,28251,1305,582,1449,26656,1304,582,1448,385,0,1148,31501,47,131,25272,280,1058,4575,92,294,26817,3850,917,215,3226,215,3221
3522505,Itapevi,Baixa,3,2.0,244131,49,81801,124,81801,78989,1091,611,104,69007,1037,608,99,1243,38,7098,80698,204,776,66350,651,4386,2691,613,5250,75459,5466,84,888,1763,874,1625
3522604,Itapira,Baixa,5,16.0,75683,122,26192,0,26192,24398,1236,210,305,22901,1186,201,301,226,40,1228,25933,240,0,24087,352,1125,499,0,21,25404,604,100,242,1513,235,1458
3522653,Itapirapuã Paulista,Baixa,0,2.0,4294,1,1559,0,1559,1119,60,0,368,1109,60,0,368,0,0,9,1552,3,0,924,11,38,486,0,85,1329,25,184,18,412,18,412
3522703,Itápolis,Baixa,8,67.0,43536,291,15000,0,15000,13996,571,356,34,13973,554,356,34,0,17,16,14977,11,4,13959,26,182,706,72,0,14035,217,580,158,804,158,788
3522802,Itaporanga,Alta,0,311.0,15197,473,5214,0,5214,4298,299,123,475,4277,299,121,475,0,0,17,5117,78,3,3926,11,531,673,10,15,4392,211,550,21,879,21,877
3522901,Itapuí,Baixa,0,98.0,14297,140,4749,0,4749,4579,100,43,15,4576,100,43,15,0,0,0,4738,0,0,4497,88,108,43,0,0,4671,19,43,84,78,84,78
3523008,Itapura,Baixa,0,54.0,4994,27,1519,0,1519,1281,230,0,3,1280,230,0,3,0,0,0,1511,6,0,1180,4,119,205,0,0,1418,53,39,119,116,119,116
3523107,Itaquaquecetuba,Baixa,11,9.0,379082,359,122125,45,122125,119619,725,208,102,108264,717,208,102,1185,3,9687,121627,163,123,92269,1116,7499,8254,753,10980,114574,6939,128,1100,1086,1078,1075
3523206,Itararé,Baixa,8,13.0,50778,66,16512,0,16512,15594,232,72,554,15358,204,72,554,69,0,146,16460,25,0,14665,13,464,1001,3,290,15933,152,365,31,848,6,839
3523305,Itariri,Baixa,0,1.0,17754,1,5654,0,5654,4363,280,54,853,4246,276,50,851,19,0,81,5599,12,6,3726,49,984,698,106,3,4756,528,311,22,1227,22,1221
3523404,Itatiba,Baixa,7,18.0,124254,223,43737,5,43737,40356,1277,1722,146,31128,1192,1652,132,1604,74,7359,43567,73,34,37498,196,4020,1695,4,107,41655,1930,83,280,2987,248,2795
3523503,Itatinga,Baixa,0,2.0,21139,4,6023,9,6023,5390,400,45,161,5332,394,45,161,25,0,0,6009,0,4,5262,9,393,304,9,0,5453,439,95,24,597,24,591
3523602,Itirapina,Baixa,0,39.0,18610,72,4787,9,4787,4387,220,17,132,4333,215,17,132,4,4,46,4780,0,3,3663,44,721,317,0,0,4374,308,66,30,347,30,342
3523701,Itirapuã,Média,0,285.0,6587,188,2005,0,2005,1739,113,0,150,1730,113,0,150,0,0,7,2003,0,0,1716,97,26,154,0,0,1744,116,129,15,250,15,250
3523800,Itobi,Baixa,0,3.0,7862,2,2906,3,2906,2572,117,81,117,2567,117,81,117,0,0,4,2882,0,20,2555,21,135,171,0,3,2670,5,114,0,328,0,328
3523909,Itu,Baixa,10,28.0,177150,503,59531,23,59531,54790,2713,788,220,42779,2276,761,207,3247,186,8318,58653,418,359,53499,349,3364,1776,100,111,11822,47030,490,1011,3620,745,3361
3524006,Itupeva,Baixa,5,25.0,64330,161,23683,4,23683,19794,2228,1154,267,16129,1967,1120,242,1143,251,2396,23505,63,78,18404,227,2595,2149,28,146,22042,1491,92,1459,2356,1365,2130
3524105,Ituverava,Média,8,122.0,42259,514,14031,0,14031,13502,291,65,119,13280,220,63,119,48,0,157,13976,36,7,13593,32,177,179,0,6,13625,158,209,67,427,36,384
3524204,Jaborandi,Média,0,118.0,6963,82,2278,0,2278,1881,297,89,0,1870,297,89,0,0,0,7,2275,0,0,2164,0,19,87,0,0,2170,28,56,194,200,194,200
3524303,Jaboticabal,Baixa,5,59.0,78029,462,27388,0,27388,26269,938,72,44,23618,521,72,44,262,41,2345,27364,0,4,26768,5,154,397,0,15,26222,816,254,541,519,124,519
3524402,Jacareí,Baixa,3,30.0,237119,719,85059,5,85059,82558,955,901,360,63898,867,895,357,6449,68,11907,84759,102,97,78580,589,3386,1496,247,406,77334,7414,155,172,2177,158,2093
3524501,Jaci,Alta,0,380.0,7322,278,2637,3,2637,2381,244,0,6,2377,244,0,6,0,0,0,2635,0,0,2358,24,244,0,0,0,2447,106,70,20,228,20,228
3524600,Jacupiranga,Baixa,0,1.0,17911,1,5828,0,5828,4071,307,475,931,4006,307,473,925,28,0,27,5790,14,0,3769,62,884,845,184,19,5415,80,291,17,1724,17,1716
3524709,Jaguariúna,Baixa,5,79.0,59921,473,21437,10,21437,20691,539,117,39,15197,440,109,39,556,28,4826,21075,324,8,20054,132,839,324,0,21,16894,4486,23,317,399,262,346
3524808,Jales,Alta,5,545.0,49291,2684,19080,3,19080,17972,1008,51,3,17356,1008,51,3,121,0,470,19053,6,0,17962,49,403,625,0,0,18075,357,576,69,990,69,990
3524907,Jambeiro,Baixa,0,3.0,6828,2,2296,0,2296,1575,278,97,320,1502,201,97,317,60,75,5,2281,3,5,1115,0,484,546,0,124,1867,373,38,58,649,54,575
3525003,Jandira,Baixa,7,0.0,127734,6,42007,4,42007,41606,112,8,10,36464,99,8,10,1322,13,3729,41932,12,31,36172,383,2368,48,93,2691,38000,3970,0,88,244,81,239
3525102,Jardinópolis,Baixa,8,9.0,45544,40,14866,49,14866,14060,617,25,109,13965,458,25,109,13,79,63,14851,0,3,14279,20,308,171,0,13,14440,236,124,424,364,276,343
3525201,Jarinu,Baixa,8,35.0,31173,108,12962,0,12962,8864,2591,1175,82,8337,2512,1106,77,436,70,74,12586,298,41,4850,115,3994,3808,8,33,12268,581,37,489,3532,464,3315
3525300,Jaú,Baixa,7,47.0,153463,722,48510,3,48510,47290,733,122,277,45382,362,110,274,179,263,1648,48461,8,8,47274,42,839,266,0,12,47220,950,247,150,996,31,723
3525409,Jeriquara,Média,0,130.0,3143,41,1318,0,1318,1164,102,14,31,1162,102,14,31,0,0,0,1316,0,0,1157,0,55,94,0,3,1188,16,70,0,148,0,148
3525508,Joanópolis,Baixa,0,7.0,13453,9,4662,0,4662,3422,401,281,523,3353,399,280,519,21,0,40,4613,22,14,3340,10,802,433,4,17,3538,1057,44,49,1177,49,1170
3525607,João Ramalho,Média,0,214.0,4577,98,1543,0,1543,1387,137,5,4,1385,137,5,4,0,0,0,1543,0,0,1359,0,48,130,0,0,1444,37,42,6,145,6,145
3525706,José Bonifácio,Alta,8,733.0,37707,2764,13333,0,13333,12314,908,54,8,12008,866,54,8,9,0,277,13312,12,0,12309,152,485,327,0,4,12545,259,466,390,595,349,594
3525805,Júlio Mesquita,Média,0,164.0,4824,79,1562,0,1562,1524,33,0,4,1523,33,0,4,0,0,0,1561,0,0,1538,22,0,0,0,0,1538,0,23,33,4,33,4
3525854,Jumirim,Baixa,0,6.0,3467,2,998,0,998,789,186,4,9,787,186,4,9,0,0,0,998,0,0,564,0,259,159,4,0,874,90,25,35,165,35,165
3525904,Jundiaí,Baixa,6,14.0,426935,589,163202,6,163202,156446,3153,2327,650,98336,3056,2281,644,7854,52,49786,161866,802,357,154401,463,5108,2401,51,202,133756,29058,46,1348,5136,1297,5031
3526001,Junqueirópolis,Alta,8,688.0,20978,1443,7150,0,7150,6643,408,77,5,6596,407,77,5,7,0,29,7141,3,0,6601,11,58,442,0,0,6696,74,300,121,375,121,374
3526100,Juquiá,Baixa,0,0.0,18627,0,6343,0,6343,4407,285,358,1164,4370,283,356,1150,3,0,23,6275,12,13,3750,124,1171,777,300,147,4732,845,651,104,1794,102,1778
3526209,Juquitiba,Baixa,8,58.0,31844,184,9994,0,9994,5930,1511,1480,925,5876,1486,1457,911,5,9,29,9729,162,21,2997,258,3004,3427,13,105,7634,1719,518,209,3792,203,3732
3526308,Lagoinha,Baixa,0,39.0,4882,19,2075,15,2075,1259,48,271,489,1252,48,271,489,0,0,0,2062,0,0,1190,7,259,491,61,43,1377,622,64,6,806,6,806
3526407,Laranjal Paulista,Baixa,8,25.0,29047,72,9281,0,9281,8257,482,433,71,8046,462,428,71,48,18,143,9248,3,26,8069,41,247,850,18,0,8154,967,109,126,883,125,847
3526506,Lavínia,Baixa,0,87.0,12581,110,1829,3,1829,1560,244,9,0,1559,244,9,0,0,0,0,1826,0,0,1500,62,127,117,0,0,1709,27,71,78,184,78,184
3526605,Lavrinhas,Baixa,0,5.0,7361,4,2388,0,2388,2251,4,3,82,2235,4,3,82,0,0,12,2382,0,0,1907,4,115,143,6,191,2164,163,46,7,113,7,113
3526704,Leme,Baixa,7,8.0,105273,87,35754,0,35754,34890,410,208,201,33533,258,205,200,387,8,854,35722,6,4,35001,112,169,376,3,12,35069,283,254,413,410,261,410
3526803,Lençóis Paulista,Baixa,5,21.0,69533,146,22815,0,22815,22170,475,16,129,21111,471,16,129,27,0,994,22792,3,0,21974,45,379,359,11,4,1673,21010,94,200,423,197,423
3526902,Limeira,Baixa,3,20.0,310783,619,104429,7,104429,100459,2452,1049,172,83358,1907,966,159,2521,519,14423,103845,170,317,100140,603,2326,1159,10,3,98657,5095,336,531,3316,297,2851
3527009,Lindóia,Média,0,176.0,8201,144,2591,0,2591,2319,101,8,136,1700,93,8,133,0,6,611,2586,0,0,2132,8,254,148,4,28,2288,279,3,12,241,12,230
3527108,Lins,Média,5,219.0,78978,1729,28421,0,28421,27897,429,43,10,26082,415,43,10,237,10,1501,28400,0,0,27894,28,417,43,0,3,28082,105,164,35,456,24,452
3527207,Lorena,Baixa,5,2.0,89532,20,30022,0,30022,28878,483,181,391,26479,482,181,387,279,0,2073,29734,23,224,28734,114,596,372,22,118,28375,1265,275,73,1010,73,1005
3527256,Lourdes,Alta,0,454.0,2311,105,772,0,772,668,96,0,0,667,96,0,0,0,0,0,771,0,0,663,0,22,79,0,0,745,13,13,37,60,37,60
3527306,Louveira,Baixa,8,23.0,51007,119,17898,0,17898,16236,813,342,52,13652,804,341,52,1461,0,1081,17768,89,21,15635,77,1254,623,5,216,17227,605,9,365,1251,365,1241
3527405,Lucélia,Baixa,0,96.0,22022,212,6600,0,6600,6302,256,24,0,6248,255,24,0,30,0,17,6591,0,3,6281,0,169,123,0,0,6395,65,78,9,277,9,276
3527504,Lucianópolis,Média,0,211.0,2412,51,889,0,889,723,130,5,26,723,130,5,26,0,0,0,888,0,0,692,0,86,102,0,0,808,46,27,17,148,17,148
3527603,Luís Antônio,Alta,0,408.0,15628,637,4169,0,4169,4064,78,3,14,4059,78,3,14,0,0,0,4163,0,0,4052,3,63,41,0,0,4085,33,26,7,93,7,93
3527702,Luiziânia,Alta,0,564.0,5918,334,1729,0,1729,1597,113,9,3,1593,113,9,3,0,0,0,1727,0,0,1598,0,92,35,0,0,1617,37,60,0,128,0,128
3527801,Lupércio,Baixa,0,85.0,4608,39,1472,0,1472,1337,108,4,17,1336,108,4,17,0,0,0,1471,0,0,1336,3,82,48,0,0,1372,60,33,0,135,0,135
3527900,Lutécia,Alta,0,965.0,2623,253,1036,0,1036,840,147,13,22,839,147,13,21,0,0,0,1036,0,0,834,0,27,156,3,0,797,127,86,4,182,4,181
3528007,Macatuba,Baixa,0,44.0,17263,76,5651,0,5651,5427,152,8,47,4762,151,8,47,626,0,29,5612,23,14,5421,119,89,5,0,0,5597,14,16,100,116,99,116
3528106,Macaubal,Média,0,102.0,8174,83,3008,0,3008,2707,272,18,0,2700,272,18,0,3,0,3,3004,0,0,2692,3,204,100,0,0,2746,70,166,20,270,20,270
3528205,Macedônia,Média,0,212.0,3686,78,1507,0,1507,1112,339,49,0,1108,339,49,0,0,0,3,1503,0,0,1113,18,102,265,0,0,1211,115,151,22,362,22,362
3528304,Magda,Alta,0,363.0,3086,112,1257,0,1257,1068,182,4,0,1067,182,4,0,0,0,0,1256,0,0,1065,0,117,67,0,0,1118,60,69,5,183,5,183
3528403,Mairinque,Baixa,8,2.0,47723,10,17020,0,17020,14210,1674,730,141,13055,1569,710,139,585,85,551,16922,19,24,11429,290,917,4151,53,40,14658,2050,242,61,2674,54,2555
3528502,Mairiporã,Baixa,5,4.0,103645,42,33008,0,33008,20755,4294,3301,2935,18552,3757,3207,2761,279,364,1821,32055,532,263,10625,808,13120,7573,44,367,29768,2427,379,764,11241,723,10360
3528601,Manduri,Baixa,0,5.0,9972,5,3689,0,3689,3240,321,14,100,3225,321,14,100,4,0,0,3685,0,0,3215,53,122,242,0,43,3429,66,136,17,421,17,421
3528700,Marabá Paulista,Alta,0,457.0,6039,276,1381,0,1381,825,443,55,40,810,442,55,40,0,0,0,1342,15,22,709,0,33,619,4,0,730,8,523,103,451,103,450
3528809,Maracaí,Baixa,0,15.0,14069,21,4828,0,4828,4278,449,63,18,4272,449,63,18,0,0,0,4824,0,0,4247,8,143,388,0,3,4430,113,221,73,459,73,459
3528858,Marapoama,Média,0,158.0,3097,49,1238,0,1238,1110,122,3,0,1109,122,3,0,0,0,0,1238,0,0,1112,0,18,105,0,0,1163,0,35,12,115,12,115
3528908,Mariápolis,Alta,0,344.0,4098,141,1382,0,1382,1218,154,0,0,1218,154,0,0,0,0,0,1379,0,0,1196,0,29,145,0,0,1340,12,17,0,157,0,157
3529005,Marília,Baixa,3,44.0,242249,1060,88375,3,88375,86291,1787,72,53,71929,1229,66,52,3018,208,11164,88262,32,0,85550,620,863,506,131,419,84459,3304,360,873,1074,348,1034
3529104,Marinópolis,Alta,0,957.0,2101,201,717,0,717,584,128,5,0,584,128,5,0,0,0,0,716,0,0,584,0,13,118,0,0,598,67,33,6,127,6,127
3529203,Martinópolis,Alta,8,565.0,26791,1514,8845,0,8845,7945,850,18,8,7923,845,18,8,0,0,16,8827,7,0,7727,46,386,657,0,0,8222,77,412,451,434,448,432
3529302,Matão,Alta,5,311.0,84069,2611,28817,0,28817,28256,499,22,10,27048,424,18,10,74,13,905,28581,208,12,28291,256,184,18,0,17,28315,429,59,318,218,242,216
3529401,Mauá,Baixa,11,2.0,481725,90,152616,57,152616,150881,301,63,64,131449,244,63,64,359,0,18437,151507,390,532,141351,783,997,822,676,6605,145155,6423,64,425,1126,361,1086
3529500,Mendonça,Alta,0,850.0,5638,479,2309,0,2309,2031,245,24,0,2015,237,24,0,15,7,0,2303,0,0,1989,167,97,34,0,0,2219,14,52,217,51,216,46
3529609,Meridiano,Alta,0,333.0,3813,127,1726,0,1726,1408,298,9,0,1408,298,9,0,0,0,0,1722,0,0,1390,8,25,287,3,0,1467,164,74,13,296,13,296
3529658,Mesópolis,Alta,0,315.0,1903,60,743,0,743,618,100,20,0,618,100,20,0,0,0,0,742,0,0,613,8,32,87,0,0,648,4,87,34,85,34,85
3529708,Miguelópolis,Baixa,0,2.0,22480,5,7131,0,7131,6215,708,148,0,6188,667,145,0,11,17,6,6995,22,93,6600,95,200,165,9,0,6795,64,183,268,613,261,581
3529807,Mineiros do Tietê,Baixa,0,51.0,13023,67,4138,0,4138,3965,97,0,69,3960,63,0,69,4,34,0,4137,0,0,3932,0,124,69,0,0,4003,80,51,38,131,4,131
3529906,Miracatu,Baixa,0,7.0,19511,14,6839,0,6839,4251,386,319,1815,4096,385,318,1812,25,0,113,6632,47,120,3854,90,1481,950,243,77,5171,760,827,65,2486,65,2481
3530003,Mira Estrela,Alta,0,464.0,3125,145,1239,0,1239,926,295,4,0,926,292,4,0,0,0,0,1239,0,0,928,15,85,195,0,0,1089,48,72,111,188,110,188
3530102,Mirandópolis,Média,8,202.0,29844,602,9107,11,9107,7795,1207,48,0,7699,1206,48,0,41,0,41,9053,39,0,7315,192,521,1017,0,3,8236,336,428,204,1064,204,1063
3530201,Mirante do Paranapanema,Baixa,0,90.0,18415,166,6122,15,6122,3893,1866,311,22,3884,1864,311,22,0,0,7,6099,11,0,3504,41,540,1991,0,0,3897,108,1807,253,1954,253,1952
3530300,Mirassol,Média,5,224.0,60768,1362,23207,4,23207,22376,776,13,0,19935,688,6,0,1078,60,1333,23194,0,0,22294,22,799,43,0,0,22576,411,168,140,655,69,630
3530409,Mirassolândia,Baixa,0,26.0,4966,13,1721,0,1721,1499,217,0,0,1498,216,0,0,0,0,0,1564,155,0,1180,0,308,226,0,0,1542,14,157,19,198,19,197
3530508,Mococa,Baixa,5,3.0,69072,24,24693,0,24693,22973,1128,222,298,22221,1097,222,298,135,30,590,24655,7,15,22663,330,506,1048,34,20,23412,699,395,316,1362,315,1332
3530607,Mogi das Cruzes,Baixa,11,2.0,455587,99,158668,22,158668,143783,6682,5989,1008,100485,5410,5911,1006,8053,728,34741,156187,473,1711,127707,1172,14881,9251,667,3587,148862,7928,1086,1617,12917,749,12298
3530706,Mogi Guaçu,Média,10,140.0,154146,2164,54715,3,54715,53197,1010,232,199,48468,949,232,198,1110,56,3467,54650,16,8,52456,214,1023,910,0,26,52808,1527,274,454,1005,437,959
3530805,Mogi Mirim,Baixa,7,16.0,94098,151,33775,3,33775,32023,1099,431,163,27574,1023,426,161,710,66,3688,33720,16,0,31082,192,870,1509,0,25,32119,918,548,208,1476,171,1432
3530904,Mombuca,Baixa,0,9.0,3523,3,1232,0,1232,1062,118,28,13,1062,118,28,13,0,0,0,1224,7,0,1029,16,76,90,6,0,1174,33,20,3,157,3,157
3531001,Monções,Alta,0,1108.0,2274,252,798,0,798,728,67,0,0,728,67,0,0,0,0,0,798,0,0,730,0,3,60,0,0,758,5,14,20,43,20,43
3531100,Mongaguá,Baixa,5,3.0,58567,15,21564,12,21564,20527,234,47,238,18423,226,47,237,197,0,1823,21078,84,355,18347,190,1968,699,175,4,20408,897,171,214,767,211,753
3531209,Monte Alegre do Sul,Baixa,0,4.0,8181,3,3237,0,3237,2270,287,122,522,2047,262,118,479,199,23,11,3164,60,6,1775,47,672,457,6,242,2800,340,41,63,886,55,820
3531308,Monte Alto,Média,5,300.0,51039,1530,18050,0,18050,17379,608,23,3,16934,565,22,3,64,41,359,17949,90,0,17412,18,448,99,24,0,17371,144,405,62,575,45,545
3531407,Monte Aprazível,Média,8,275.0,25651,705,8641,0,8641,7975,582,42,9,7957,575,42,9,0,0,3,8501,7,129,7897,130,249,336,0,0,8139,185,269,169,454,166,449
3531506,Monte Azul Paulista,Baixa,0,68.0,18928,129,6767,0,6767,6345,389,0,13,6291,385,0,13,13,0,28,6760,0,0,6398,17,67,240,5,8,6444,172,125,196,205,192,205
3531605,Monte Castelo,Alta,0,1111.0,4166,463,1626,0,1626,1364,254,4,0,1363,254,4,0,0,0,0,1624,0,0,1366,0,249,0,0,0,1377,145,82,14,240,14,240
3531704,Monteiro Lobato,Baixa,0,8.0,4739,4,1568,0,1568,739,47,38,715,738,47,38,705,0,0,0,1555,0,0,619,0,562,315,0,27,834,676,49,7,803,7,793
3531803,Monte Mor,Baixa,5,12.0,61707,71,22385,19,22385,20550,1344,346,61,19006,1293,345,61,141,30,1374,22088,213,64,19154,136,1938,976,64,9,20892,1186,127,361,1423,344,1390
3531902,Morro Agudo,Média,8,281.0,33598,943,10011,0,10011,9021,908,9,47,9007,908,9,47,8,0,0,10001,3,0,9583,8,311,54,0,3,9602,95,266,707,253,707,253
3532009,Morungaba,Baixa,0,1.0,13936,2,4771,0,4771,4052,460,130,105,3919,448,127,103,25,8,101,4681,84,3,3964,74,275,397,0,21,4332,368,43,131,570,127,556
3532058,Motuca,Alta,0,729.0,4831,352,1412,0,1412,1159,222,26,4,1130,222,26,4,3,0,0,1390,19,0,1044,6,99,256,0,0,1273,58,71,75,173,75,173
3532108,Murutinga do Sul,Alta,0,544.0,4525,246,1480,0,1480,1102,348,20,0,1101,348,20,0,0,0,0,1478,0,0,1120,17,108,223,0,0,1167,4,219,55,320,55,320
3532157,Nantes,Baixa,0,22.0,3215,7,1027,0,1027,942,64,0,16,810,64,0,16,131,0,0,1026,0,0,933,43,12,29,0,0,983,11,23,49,34,49,34
3532207,Narandiba,Média,0,162.0,4950,80,2060,0,2060,1845,177,17,15,1843,177,17,15,0,0,0,2052,0,3,1831,0,97,121,0,0,1924,10,99,3,206,3,206
3532306,Natividade da Serra,Baixa,0,0.0,6624,0,2838,0,2838,1407,117,72,1218,1407,117,72,1216,0,0,0,2825,0,0,1194,6,586,804,71,142,1315,1277,225,37,1379,37,1377
3532405,Nazaré Paulista,Baixa,0,3.0,18866,6,6718,0,6718,3569,806,1090,1134,3521,804,1080,1131,23,0,13,6202,456,3,1314,86,2777,2389,0,58,4177,2154,301,213,2892,207,2880
3532504,Neves Paulista,Alta,0,495.0,8917,441,3718,0,3718,3300,404,0,0,3288,403,0,0,0,0,11,3715,0,0,3190,0,387,130,0,0,3524,22,160,4,407,4,406
3532603,Nhandeara,Alta,0,541.0,11575,626,4013,0,4013,3372,552,75,0,3366,545,75,0,3,6,0,4002,5,0,3396,29,290,277,0,0,3584,153,225,20,608,20,601
3532702,Nipoã,Alta,0,520.0,5381,280,1761,0,1761,1568,185,0,3,1550,185,0,3,0,0,9,1756,3,0,1593,10,7,138,0,4,1653,26,48,61,127,61,127
3532801,Nova Aliança,Alta,0,929.0,7161,665,2501,0,2501,2239,256,0,0,2230,256,0,0,0,0,0,2499,0,0,2242,11,143,98,0,0,2360,30,77,10,246,10,246
3532827,Nova Campina,Baixa,0,0.0,9962,0,2919,0,2919,2112,182,74,501,2109,182,74,501,3,0,0,2888,15,0,1472,233,316,802,8,65,2652,118,126,171,630,171,630
3532843,Nova Canaã Paulista,Média,0,241.0,1824,44,819,0,819,546,199,71,0,546,199,71,0,0,0,0,818,0,0,539,0,20,247,0,0,594,112,98,267,0,267,0
3532868,Nova Castilho,Alta,0,845.0,1290,109,398,0,398,297,97,0,0,297,97,0,0,0,0,0,397,0,0,298,0,15,80,0,0,330,37,25,0,99,0,99
3532900,Nova Europa,Alta,0,471.0,11519,543,3373,0,3373,3247,100,14,10,3245,100,14,10,0,0,0,3370,3,0,3239,0,93,34,0,0,3313,11,30,13,112,13,112
3533007,Nova Granada,Alta,8,517.0,21871,1131,7284,0,7284,6665,546,30,0,6378,541,30,0,221,0,55,7272,0,3,6682,27,190,349,0,0,6771,219,246,22,556,22,554
3533106,Nova Guataporanga,Alta,0,399.0,2333,93,867,0,867,784,77,0,0,784,77,0,0,0,0,0,866,0,0,780,8,68,3,0,0,795,50,18,0,76,0,76
3533205,Nova Independência,Alta,0,1579.0,4135,653,1471,6,1471,1297,167,0,0,1295,167,0,0,0,0,0,1464,0,3,1294,34,0,140,0,0,1303,71,72,0,172,0,172
3533254,Novais,Baixa,0,88.0,6057,53,1593,0,1593,1488,102,0,0,1479,102,0,0,9,0,0,1593,0,0,1488,3,22,77,0,0,1516,0,52,0,102,0,102
3533304,Nova Luzitânia,Alta,0,723.0,4217,305,1122,0,1122,1027,75,20,0,1027,75,20,0,0,0,0,1121,0,0,1027,38,0,53,0,0,1077,20,23,6,89,6,89
3533403,Nova Odessa,Baixa,5,58.0,61716,360,22189,0,22189,21770,311,64,6,18534,223,63,6,356,0,2849,22130,32,5,21704,22,271,147,0,0,21424,716,9,138,246,50,244
3533502,Novo Horizonte,Alta,8,521.0,41765,2177,14746,0,14746,13845,724,118,18,13792,692,118,18,11,29,34,14736,0,0,13843,165,405,305,0,0,13975,371,281,176,692,176,660
3533601,Nuporanga,Baixa,0,13.0,7522,10,2684,0,2684,2509,105,0,63,2509,105,0,63,0,0,0,2683,0,0,2509,0,69,98,0,0,2502,128,43,0,169,0,169
3533700,Ocauçu,Baixa,0,16.0,4294,7,1622,0,1622,1388,217,0,7,1380,217,0,7,8,0,0,1621,0,0,1392,166,10,42,4,0,1433,13,167,183,44,183,44
3533809,Óleo,Baixa,0,0.0,2447,0,973,0,973,778,112,0,77,778,112,0,77,0,0,0,973,0,0,671,11,0,269,0,0,802,76,70,139,51,139,51
3533908,Olímpia,Alta,5,304.0,55477,1684,20415,0,20415,19506,804,21,17,18947,719,21,17,138,0,399,20233,157,0,19673,33,441,199,0,3,19825,151,373,226,622,188,574
3534005,Onda Verde,Alta,0,641.0,4462,286,1703,0,1703,1436,245,12,0,1430,245,12,0,4,0,0,1703,0,0,1429,21,87,159,0,0,1576,60,55,0,262,0,262
3534104,Oriente,Alta,0,312.0,6569,205,2202,0,2202,2058,121,0,14,2054,121,0,14,0,0,0,2192,0,7,2059,0,75,54,3,0,2131,29,35,4,135,4,135
3534203,Orindiúva,Alta,0,1196.0,7318,875,2117,3,2117,1946,122,13,27,1939,122,13,27,0,0,0,2114,0,0,1959,12,21,114,0,3,1981,95,33,143,15,143,15
3534302,Orlândia,Média,8,136.0,44682,608,13558,0,13558,13275,202,3,44,12825,201,3,44,370,0,60,13542,3,8,13276,85,74,67,0,26,10968,2398,127,139,126,138,126
3534401,Osasco,Baixa,2,6.0,701428,445,261463,414,261463,260413,521,7,12,191828,225,7,12,1652,0,64466,261104,105,40,239691,4990,2250,1052,623,11070,235346,24621,11,649,169,350,149
3534500,Oscar Bressane,Alta,0,692.0,2603,180,958,0,958,803,120,0,25,803,107,0,25,0,13,0,955,0,0,797,0,101,44,0,3,843,78,24,0,149,0,136
3534609,Osvaldo Cruz,Média,8,270.0,33118,894,11756,0,11756,11316,372,58,0,10974,372,58,0,153,0,177,11715,35,0,11300,9,289,143,0,0,11347,40,218,79,348,79,348
3534708,Ourinhos,Média,7,148.0,115139,1707,37999,0,37999,37062,750,61,47,35181,496,55,47,1099,40,713,37925,25,0,37072,76,488,216,0,23,37502,321,95,150,714,69,534
3534757,Ouroeste,Baixa,0,41.0,10712,44,4044,0,4044,3696,246,79,3,3665,246,79,3,0,0,23,4035,0,4,3688,10,196,139,0,0,3747,148,129,28,303,28,303
3534807,Ouro Verde,Alta,0,591.0,8676,513,2929,0,2929,2769,150,0,0,2766,149,0,0,0,0,0,2927,0,0,2719,5,141,49,0,0,2780,44,72,3,149,3,148
3534906,Pacaembu,Alta,0,302.0,14326,432,3828,0,3828,3511,265,38,0,3493,258,38,0,12,6,5,3825,0,0,3359,44,52,349,0,0,3507,83,180,64,242,64,236
3535002,Palestina,Alta,0,744.0,13285,989,4452,0,4452,3932,446,37,11,3927,446,37,11,0,0,0,4444,0,3,3854,153,38,384,0,0,3973,136,284,266,237,266,237
3535101,Palmares Paulista,Média,0,203.0,13691,278,3430,0,3430,3348,70,3,0,3340,70,3,0,0,0,0,3426,3,0,3360,5,5,47,0,0,3374,10,24,14,55,14,55
3535200,Palmeira d'Oeste,Alta,0,1027.0,9173,942,3535,0,3535,2943,526,48,0,2941,526,48,0,0,0,0,3526,0,6,2933,38,89,455,0,0,2990,154,284,45,527,45,527
3535309,Palmital,Baixa,8,14.0,22322,31,7363,0,7363,6980,295,28,25,6967,295,28,25,3,0,9,7357,0,0,6988,11,144,191,0,0,7013,75,190,31,338,31,338
3535408,Panorama,Média,0,102.0,15944,162,5489,0,5489,5282,176,24,0,5158,175,24,0,7,0,98,5481,0,0,5003,3,283,177,0,0,5341,31,84,31,167,30,167
3535507,Paraguaçu Paulista,Alta,8,511.0,46180,2361,14823,0,14823,13720,885,66,86,13372,879,66,86,210,0,110,14791,12,4,13681,168,479,440,0,0,13983,181,424,36,1032,36,1026
3535606,Paraibuna,Baixa,0,7.0,18302,12,6622,4,6622,4126,674,453,1289,3933,668,449,1286,126,4,59,6575,3,12,2557,64,1624,1498,50,711,4360,1921,267,129,2319,129,2306
3535705,Paraíso,Média,0,159.0,6536,104,2268,0,2268,1947,307,6,0,1946,307,6,0,0,0,0,2268,0,0,1949,51,152,105,3,0,1969,186,54,30,283,30,283
3535804,Paranapanema,Baixa,0,1.0,20588,2,6841,0,6841,5576,717,258,218,5434,687,258,218,117,25,12,6805,5,14,4707,160,474,1446,9,4,6121,301,350,95,1149,68,1148
3535903,Paranapuã,Alta,0,1094.0,4112,450,1527,0,1527,1398,118,4,0,1394,118,4,0,4,0,0,1525,0,0,1411,9,37,69,0,0,1427,20,68,23,100,23,100
3536000,Parapuã,Média,0,139.0,10934,152,4102,0,4102,3589,463,31,0,3576,463,31,0,4,0,0,4096,0,0,3576,56,243,203,0,0,3647,67,239,114,391,114,391
3536109,Pardinho,Baixa,0,5.0,6579,3,2499,0,2499,1877,417,47,149,1837,417,47,149,27,0,0,2498,0,0,1797,112,279,290,0,0,2234,208,38,304,309,304,309
3536208,Pariquera-Açu,Baixa,0,2.0,19797,4,6868,0,6868,5172,589,954,96,4970,589,953,96,156,0,31,6800,26,22,4547,260,1148,738,79,13,6059,574,155,30,1651,30,1649
3536257,Parisi,Alta,0,377.0,2177,82,1108,0,1108,975,118,14,0,974,118,14,0,0,0,0,1107,0,0,972,0,16,118,0,0,981,58,59,0,132,0,132
3536307,Patrocínio Paulista,Média,0,181.0,14941,270,5023,0,5023,4231,429,39,314,4188,396,37,309,10,32,17,5016,0,0,4146,32,770,46,0,9,4298,347,358,181,607,168,579
3536406,Paulicéia,Alta,0,905.0,7540,682,2930,11,2930,2605,291,13,0,2598,286,13,0,0,5,3,2928,0,0,1322,108,723,750,3,0,2612,105,143,40,268,40,263
3536505,Paulínia,Alta,7,463.0,114508,5301,37887,27,37887,37587,83,130,6,29316,56,127,6,3155,10,4997,37829,13,18,36616,41,335,208,13,562,32606,5215,9,41,214,16,196
3536570,Paulistânia,Média,0,104.0,1835,19,765,0,765,526,203,0,24,524,203,0,24,0,0,0,761,0,0,515,3,145,96,0,0,714,22,25,111,117,111,117
3536604,Paulo de Faria,Alta,0,366.0,8973,328,2910,0,2910,2650,176,31,33,2648,176,31,33,0,0,0,2904,0,3,2652,0,180,60,0,0,2648,117,119,3,242,3,242
3536703,Pederneiras,Baixa,8,12.0,47523,56,15600,39,15600,14379,871,186,118,14202,869,186,118,88,0,74,15553,7,18,14239,53,670,579,3,3,14539,395,526,18,1182,18,1178
3536802,Pedra Bela,Baixa,0,0.0,6127,0,2462,0,2462,607,442,909,469,601,441,907,469,0,0,6,2452,3,0,469,8,254,1372,14,315,1819,590,35,10,1826,10,1824
3536901,Pedranópolis,Alta,0,304.0,2468,75,1052,0,1052,666,305,70,0,666,270,50,0,0,34,0,1052,0,0,636,0,172,233,0,0,857,59,126,32,345,32,290
3537008,Pedregulho,Baixa,0,82.0,16876,138,5570,0,5570,4636,408,63,321,4572,406,63,321,13,0,39,5560,0,0,4532,138,310,544,0,14,4819,584,144,22,896,22,894
3537107,Pedreira,Baixa,8,65.0,48992,318,15756,0,15756,15260,253,10,144,13606,136,3,130,7,0,1612,15689,10,35,15124,60,214,220,3,63,14925,728,47,125,347,15,322
3537156,Pedrinhas Paulista,Baixa,0,26.0,3109,8,1063,0,1063,919,97,43,0,919,96,43,0,0,0,0,1062,0,0,931,3,39,87,0,0,974,24,40,16,126,16,125
3537206,Pedro de Toledo,Baixa,0,0.0,11507,0,3941,0,3941,2877,200,116,687,2824,200,116,686,14,0,30,3913,10,0,2239,140,745,756,19,0,3189,409,301,43,992,43,991
3537305,Penápolis,Alta,5,503.0,64098,3221,23207,7,23207,22259,852,62,7,21793,851,62,7,201,0,244,23170,20,0,22233,23,362,550,0,0,21427,1161,431,234,681,233,681
3537404,Pereira Barreto,Baixa,8,88.0,25685,225,9230,8,9230,8575,613,11,0,8468,613,11,0,3,0,92,9210,4,8,8526,4,249,426,0,0,8552,223,374,14,622,14,622
3537503,Pereiras,Baixa,0,29.0,8875,26,3111,0,3111,2465,366,229,0,2412,366,229,0,39,0,11,3099,0,3,2157,10,722,192,0,0,1568,1415,90,101,527,101,527
3537602,Peruíbe,Baixa,5,5.0,69697,38,25003,3,25003,23470,549,129,434,21400,549,128,433,191,0,1704,24542,105,304,18110,226,5394,781,237,71,23960,716,114,141,1321,141,1316
3537701,Piacatu,Alta,0,1270.0,6093,774,2081,0,2081,1924,140,9,0,1917,140,9,0,3,0,0,2078,0,0,1926,0,6,140,0,0,1974,61,36,12,138,12,138
3537800,Piedade,Baixa,8,1.0,55731,6,19053,6,19053,10946,1531,4776,1491,10306,1529,4771,1484,133,0,462,18893,13,73,7328,49,3157,7585,92,616,10735,7649,550,847,7188,843,7176
3537909,Pilar do Sul,Baixa,8,1.0,29612,2,9571,0,9571,7886,501,806,292,7491,501,805,292,270,0,105,9533,11,3,6381,101,828,2175,5,0,7977,1273,221,138,1529,138,1528
3538006,Pindamonhangaba,Baixa,10,22.0,171885,374,57979,11,57979,56435,436,343,593,47377,398,331,589,1644,36,7293,57625,180,105,54941,221,1602,933,15,57,56085,1617,150,82,1352,80,1298
3538105,Pindorama,Média,0,254.0,17378,441,5459,0,5459,5147,282,22,0,5101,278,22,0,32,0,7,5454,0,0,5156,54,183,41,3,3,5263,68,64,60,246,60,242
3538204,Pinhalzinho,Baixa,0,13.0,15564,21,5650,0,5650,3130,1137,1191,132,3058,1128,1187,131,32,3,33,5428,206,0,2658,23,848,1954,0,100,4190,1385,30,39,2441,36,2428
3538303,Piquerobi,Média,0,167.0,3706,62,1284,0,1284,1086,180,4,0,1086,180,4,0,0,0,0,1282,0,0,1076,4,13,183,0,0,1090,15,146,8,190,8,190
3538501,Piquete,Baixa,0,5.0,13495,7,4563,0,4563,4191,68,52,231,4077,64,52,231,0,0,105,4556,0,0,3345,39,337,96,19,688,4138,350,40,35,325,31,325
3538600,Piracaia,Baixa,8,10.0,27617,27,9516,0,9516,7879,578,496,492,7586,561,482,476,110,10,153,9468,16,4,6762,46,1566,764,0,243,8334,1007,100,241,1353,237,1310
3538709,Piracicaba,Baixa,11,35.0,410275,1443,155403,528,155403,153339,768,350,215,113198,725,350,215,3088,35,36458,155137,74,88,150471,190,2713,996,44,492,145211,9656,239,862,1008,853,956
3538808,Piraju,Baixa,8,7.0,29930,21,11015,0,11015,10204,440,13,319,10129,437,13,319,11,3,31,10999,0,9,10100,10,222,598,0,34,10489,295,190,389,401,386,401
3538907,Pirajuí,Baixa,8,30.0,25939,79,7482,15,7482,7027,358,11,57,6943,357,11,57,27,0,42,7477,0,0,7040,139,149,67,0,49,7081,147,198,166,266,166,265
3539004,Pirangi,Média,0,194.0,11524,223,4028,0,4028,3704,312,0,0,3697,312,0,0,3,0,0,4028,0,0,3733,0,6,280,0,0,3739,71,213,314,0,314,0
3539103,Pirapora do Bom Jesus,Baixa,0,1.0,19453,1,6093,6,6093,5611,140,48,84,5446,139,48,83,22,0,134,6065,7,6,4283,9,199,833,14,697,5466,482,108,46,415,46,413
3539202,Pirapozinho,Média,8,169.0,27974,472,9235,6,9235,8811,367,24,12,8748,366,24,12,25,0,29,9219,6,0,8539,18,310,336,0,0,9049,39,110,49,356,49,355
3539301,Pirassununga,Baixa,5,10.0,77330,75,27605,0,27605,26529,254,484,282,24263,250,484,282,673,0,1518,27587,0,0,26444,25,544,509,0,6,26307,530,525,22,1021,6,1020
3539400,Piratininga,Baixa,0,70.0,13890,97,5240,9,5240,4024,1136,9,56,3769,893,9,56,241,243,6,5226,0,7,3895,89,825,410,0,0,4578,382,245,719,484,484,477
3539509,Pitangueiras,Média,8,184.0,40430,742,11903,3,11903,11451,308,112,4,11380,307,112,4,3,0,28,11887,0,4,11425,45,66,288,3,38,11539,124,168,56,372,55,372
3539608,Planalto,Alta,0,829.0,5370,445,1645,0,1645,1446,187,3,0,1443,187,3,0,0,0,0,1645,0,0,1469,0,10,163,0,0,1497,41,98,9,177,9,177
3539707,Platina,Baixa,0,50.0,3606,18,1133,0,1133,939,172,3,8,938,172,3,8,0,0,0,1115,16,0,928,30,104,64,0,0,1032,20,70,21,167,21,167
3539806,Poá,Baixa,7,4.0,119221,45,35374,0,35374,35044,69,7,0,31364,69,7,0,716,0,2854,35266,49,23,34070,107,159,436,66,343,34471,756,14,67,227,67,224
3539905,Poloni,Alta,0,629.0,6166,388,2168,0,2168,1974,184,0,0,1972,184,0,0,0,0,0,2164,4,0,1996,4,72,88,0,0,2005,6,63,14,170,14,170
3540002,Pompéia,Baixa,8,64.0,22326,144,7310,0,7310,6991,261,14,24,6902,261,14,24,50,0,26,7301,0,0,6847,243,75,117,0,0,7013,127,146,148,150,148,150
3540101,Pongaí,Baixa,0,65.0,3385,22,1363,0,1363,1190,94,52,17,1190,94,52,17,0,0,0,1363,0,0,1197,0,30,129,0,0,1208,100,48,3,160,3,160
3540200,Pontal,Baixa,8,58.0,51717,302,13113,0,13113,12941,150,8,0,12790,149,8,0,17,0,35,13105,0,0,12912,67,75,31,0,0,12935,128,26,125,32,124,32
3540259,Pontalinda,Alta,0,492.0,4719,232,1549,0,1549,1302,231,4,3,1293,231,4,3,0,0,7,1545,0,0,1297,0,79,164,0,3,1400,31,108,3,233,3,233
3540309,Pontes Gestal,Alta,0,307.0,2576,79,957,0,957,872,61,14,3,871,61,14,3,0,0,0,956,0,0,876,0,10,70,0,0,884,28,41,0,81,0,81
3540408,Populina,Alta,0,440.0,4136,182,1614,0,1614,1414,165,28,0,1413,165,28,0,0,0,0,1613,0,0,1417,0,149,42,0,0,1446,82,78,0,190,0,190
3540507,Porangaba,Baixa,0,9.0,10205,9,3923,0,3923,3178,393,219,16,3114,388,217,16,58,4,0,3856,12,37,1733,189,1009,941,0,4,2151,1610,144,173,560,173,552
3540606,Porto Feliz,Média,8,275.0,53698,1477,18654,0,18654,16215,1954,203,200,14646,1848,198,200,606,91,933,18535,28,61,15725,145,1148,1480,24,12,14446,3845,179,437,1952,410,1870
3540705,Porto Ferreira,Baixa,5,15.0,56848,86,19041,4,19041,18716,187,37,54,17839,187,37,54,418,0,435,19027,0,0,18454,3,255,169,11,83,18654,207,129,57,229,57,229
3540754,Potim,Baixa,0,17.0,25603,43,5736,6,5736,5598,98,18,0,5403,96,18,0,53,0,121,5709,0,16,5660,4,12,42,0,0,5694,26,11,55,68,53,68
3540804,Potirendaba,Média,0,191.0,17668,337,6803,6,6803,6186,582,4,0,6089,581,4,0,63,0,29,6797,0,0,6162,25,209,368,0,13,6556,84,98,61,534,61,532
3540853,Pracinha,Baixa,0,39.0,4327,17,539,0,539,502,26,8,0,502,26,8,0,0,0,0,539,0,0,500,0,33,6,0,0,528,0,10,7,30,7,30
3540903,Pradópolis,Baixa,0,50.0,22239,111,5865,0,5865,5690,147,13,7,5680,147,13,7,0,0,0,5860,0,0,5450,0,60,336,0,12,5524,0,319,112,52,112,52
3541000,Praia Grande,Baixa,11,1.0,336454,31,130031,22,130031,129406,8,14,189,80722,3,14,188,6893,0,41078,129607,124,181,118132,8918,1221,203,441,497,125574,3809,112,89,416,74,409
3541059,Pratânia,Baixa,0,0.0,5371,0,1750,0,1750,1497,187,21,38,1489,187,21,38,6,0,0,1747,0,0,1494,97,71,75,0,0,1656,57,31,6,241,6,241
3541109,Presidente Alves,Baixa,0,5.0,4067,2,1447,0,1447,1260,164,3,13,1253,164,3,13,4,0,0,1447,0,0,1262,8,66,100,0,0,1311,64,60,5,173,5,173
3541208,Presidente Bernardes,Média,0,139.0,12943,180,4767,3,4767,3742,891,55,44,3736,889,55,44,4,0,0,4746,8,0,3583,0,335,715,7,90,3960,180,577,24,983,24,981
3541307,Presidente Epitácio,Baixa,8,83.0,44572,372,15034,23,15034,14001,840,159,0,13794,839,159,0,105,0,65,15012,10,0,12879,132,1087,854,0,0,14198,221,454,263,745,263,743
3541406,Presidente Prudente,Alta,3,329.0,231953,7629,85258,0,85258,83513,1504,80,29,70036,1457,80,26,3464,26,9869,85149,6,42,83277,229,1008,467,21,3,82457,2130,461,67,1554,58,1518
3541505,Presidente Venceslau,Média,8,227.0,39648,900,13690,0,13690,13053,579,13,6,12681,578,13,6,128,0,219,13679,0,0,12870,94,349,336,0,0,13112,68,452,30,579,30,578
3541604,Promissão,Baixa,8,41.0,41211,170,12858,17,12858,10811,1704,310,3,10689,1691,310,3,57,11,38,12562,287,0,10958,273,1043,549,0,0,11080,436,1196,767,1258,761,1249
3541653,Quadra,Baixa,0,3.0,3902,1,1191,6,1191,659,369,122,3,652,367,119,3,0,0,4,1098,3,80,399,11,111,662,0,0,878,244,59,119,407,118,405
3541703,Quatá,Alta,0,431.0,14309,617,4827,0,4827,4614,174,14,12,4607,174,14,12,0,0,3,4826,0,0,4604,0,86,122,0,0,4655,36,107,8,195,8,195
3541802,Queiroz,Alta,0,1611.0,3513,566,1223,0,1223,1103,104,4,0,1097,104,4,0,0,0,3,1216,0,4,1111,0,7,103,0,0,1127,65,25,20,97,20,97
3541901,Queluz,Baixa,0,49.0,13788,67,3249,0,3249,2884,68,10,222,2828,68,10,222,5,0,37,3233,5,3,2696,36,176,104,17,187,2909,271,52,49,306,49,306
3542008,Quintana,Alta,0,769.0,6736,518,2519,0,2519,2381,115,0,13,2378,115,0,13,0,0,0,2511,0,0,2360,3,74,69,0,0,2388,20,87,17,115,17,115
3542107,Rafard,Baixa,0,48.0,9126,44,3101,0,3101,2851,212,11,19,2829,212,11,19,12,0,0,3100,0,0,2878,24,33,97,13,46,3033,45,17,47,201,47,201
3542206,Rancharia,Baixa,8,94.0,29743,280,10746,3,10746,9706,864,63,80,9620,861,63,80,9,0,71,10722,0,3,9647,99,329,627,0,0,9975,123,481,197,822,196,820
3542305,Redenção da Serra,Baixa,0,3.0,3827,1,1680,0,1680,715,244,150,538,714,244,150,537,0,0,0,1671,0,0,594,22,196,743,7,87,1265,287,105,57,888,57,887
3542404,Regente Feijó,Alta,8,510.0,20523,1046,7519,0,7519,6917,530,12,39,6911,530,12,39,0,0,4,7497,17,0,6861,3,384,251,0,0,7100,232,148,7,579,7,579
3542503,Reginópolis,Baixa,0,89.0,10047,89,2138,0,2138,1932,165,11,24,1912,165,11,24,12,0,6,2136,0,0,1944,54,59,51,0,18,1982,68,62,89,109,89,109
3542602,Registro,Baixa,5,1.0,56463,6,21361,0,21361,18982,529,1530,185,18317,529,1528,185,133,0,468,21178,13,113,17788,295,2089,592,378,40,20099,572,579,61,2249,61,2246
3542701,Restinga,Baixa,0,97.0,7762,75,2183,9,2183,1799,204,3,146,1790,202,3,142,0,0,8,2157,3,21,1796,23,97,254,0,0,2045,72,59,149,227,148,222
3542800,Ribeira,Baixa,0,12.0,3320,4,1163,0,1163,800,0,0,294,793,0,0,293,0,0,7,1154,3,0,401,14,241,448,0,27,723,353,75,3,355,3,354
3542909,Ribeirão Bonito,Alta,0,410.0,13376,548,4032,0,4032,3756,212,16,38,3728,212,16,38,4,0,16,3995,37,0,3688,104,152,62,7,0,3777,167,53,79,192,79,192
3543006,Ribeirão Branco,Baixa,0,1.0,15984,2,6565,0,6565,4862,382,230,1049,4816,381,229,1049,0,0,37,6531,12,3,3918,39,326,1937,0,276,4851,1143,511,495,1187,495,1185
3543105,Ribeirão Corrente,Baixa,0,13.0,4786,6,1584,0,1584,1267,213,11,84,1266,212,11,84,0,0,0,1581,0,0,1273,12,72,217,0,0,1291,234,46,3,307,3,306
3543204,Ribeirão do Sul,Baixa,0,24.0,4537,11,1736,0,1736,1192,438,59,28,1190,438,59,28,0,0,0,1732,0,0,1197,70,262,185,6,0,1563,78,51,153,376,153,376
3543238,Ribeirão dos Índios,Média,0,117.0,2222,26,816,0,816,724,81,4,0,724,81,4,0,0,0,0,816,0,0,713,0,19,79,0,0,737,34,36,0,89,0,89
3543253,Ribeirão Grande,Baixa,0,3.0,7686,2,2669,0,2669,2183,155,98,207,2180,155,98,207,0,0,0,2662,0,0,1078,11,621,901,0,27,2416,63,157,51,426,51,426
3543303,Ribeirão Pires,Baixa,7,1.0,125238,14,41439,52,41439,40178,623,317,86,38338,571,312,85,533,35,938,41128,58,152,36352,246,2023,568,205,1584,40731,500,62,269,858,243,827
3543402,Ribeirão Preto,Média,2,104.0,720116,7470,265904,266,265904,263713,1376,77,90,165238,842,73,73,10512,523,86491,265427,291,42,260630,455,1926,1977,49,276,255645,9519,162,863,1076,528,781
3543501,Riversul,Baixa,0,4.0,5364,2,2115,5,2115,1651,115,31,305,1651,115,31,305,0,0,0,2104,0,5,1517,32,87,439,6,0,1811,76,209,8,448,8,448
3543600,Rifaina,Baixa,0,19.0,3651,7,1451,0,1451,1253,140,7,35,1229,125,7,35,6,13,10,1449,0,0,1263,5,149,25,0,0,1294,137,18,15,173,7,166
3543709,Rincão,Alta,0,426.0,10824,461,3315,0,3315,3049,235,19,5,2961,235,19,5,79,0,0,3309,0,0,2923,39,128,200,6,0,3166,82,49,33,228,33,228
3543808,Rinópolis,Alta,0,735.0,9940,731,3498,0,3498,3172,254,35,14,3168,254,35,14,3,0,0,3454,41,0,3167,61,76,179,0,3,3176,29,240,244,68,244,68
3543907,Rio Claro,Baixa,10,17.0,209548,365,74059,43,74059,72892,423,262,218,59722,312,261,210,1286,104,11729,73852,87,43,72099,99,811,802,0,34,70784,2800,280,196,881,90,844
3544004,Rio das Pedras,Baixa,8,2.0,36233,8,10670,4,10670,10083,376,156,42,9827,373,156,42,16,0,166,10662,0,0,9981,48,485,112,26,3,10077,417,103,173,405,173,402
3544103,Rio Grande da Serra,Baixa,8,0.0,52009,1,15728,0,15728,15180,205,163,76,15040,204,163,76,0,0,94,15666,24,6,12599,254,910,576,387,586,15280,245,94,91,405,91,404
3544202,Riolândia,Alta,0,335.0,12856,431,3003,0,3003,2817,126,15,34,2816,126,15,34,0,0,0,2994,0,3,2815,0,16,156,0,3,2823,94,71,7,175,7,172
3544251,Rosana,Alta,0,422.0,15929,673,6529,52,6529,5182,756,461,0,5153,753,459,0,16,0,0,6469,21,18,5025,8,417,1046,0,0,5420,130,797,60,1274,60,1268
3544301,Roseira,Baixa,0,35.0,10888,38,3637,0,3637,3225,265,59,78,3211,265,59,78,4,0,4,3618,5,6,3159,26,327,95,14,0,3494,65,74,7,395,7,395
3544400,Rubiácea,Alta,0,354.0,3195,113,998,0,998,898,94,3,0,898,94,3,0,0,0,0,997,0,0,897,4,12,78,0,0,947,22,22,3,92,3,92
3544509,Rubinéia,Média,0,298.0,3191,95,1497,0,1497,1283,198,9,0,1264,198,9,0,14,0,4,1494,0,0,1139,0,344,3,0,0,1431,30,34,41,160,41,160
3544608,Sabino,Baixa,0,16.0,5638,9,2035,0,2035,1816,171,48,0,1747,170,48,0,69,0,0,2034,0,0,1777,15,190,47,0,0,1902,26,103,66,151,66,150
3544707,Sagres,Baixa,0,95.0,2427,23,917,0,917,761,138,12,4,760,138,12,4,0,0,0,914,0,0,729,3,80,98,0,0,818,27,60,44,108,44,108
3544806,Sales,Baixa,0,40.0,6481,26,2466,0,2466,2208,244,3,3,2207,244,3,3,0,0,0,2464,0,0,2204,15,167,64,0,0,2334,35,81,70,181,70,181
3544905,Sales Oliveira,Baixa,0,40.0,12103,48,4091,0,4091,3886,134,9,49,3868,134,9,49,8,0,4,4084,0,0,3837,22,40,165,0,0,3856,125,84,152,39,152,39
3545001,Salesópolis,Baixa,0,0.0,17363,0,5393,0,5393,3308,386,1024,619,3239,386,1024,619,22,0,33,5295,61,17,2969,46,1089,1113,8,82,3325,1491,499,22,2030,22,2030
3545100,Salmourão,Média,0,143.0,5372,77,1798,0,1798,1665,125,0,0,1659,125,0,0,5,0,0,1797,0,0,1660,4,60,62,0,0,1724,22,39,11,115,11,115
3545159,Saltinho,Média,0,106.0,8498,90,2913,0,2913,2447,171,256,17,2405,170,256,17,14,0,25,2905,0,0,2433,0,148,302,6,7,2817,75,3,24,425,24,424
3545209,Salto,Baixa,7,50.0,120779,599,46786,5,46786,45325,967,238,41,37392,792,235,41,2779,166,4991,46654,81,0,43649,357,1955,669,19,18,6631,39967,49,377,1019,371,828
3545308,Salto de Pirapora,Baixa,8,2.0,46285,10,15302,0,15302,14716,285,177,51,13937,275,177,51,291,5,450,15227,31,7,11807,4,1908,1473,0,11,11262,3890,79,37,503,36,493
3545407,Salto Grande,Média,0,119.0,9396,112,3351,0,3351,3070,226,18,13,3066,226,18,13,0,0,0,3330,10,0,2289,163,251,600,0,19,3199,22,88,80,184,80,184
3545506,Sandovalina,Média,0,148.0,4405,65,1219,60,1219,884,278,31,19,883,278,31,19,0,0,0,1210,0,3,884,0,23,303,0,0,952,30,217,0,328,0,328
3545605,Santa Adélia,Média,0,201.0,15639,315,5248,0,5248,4978,251,9,0,4947,225,9,0,26,3,4,5244,0,0,4997,50,17,169,0,0,5065,50,116,172,89,148,89
3545704,Santa Albertina,Alta,0,1004.0,6036,606,2569,0,2569,2240,283,35,4,2239,283,35,4,0,0,0,2556,8,0,2207,17,99,222,0,0,2278,179,85,57,262,57,262
3545803,Santa Bárbara d'Oeste,Alta,10,306.0,195278,5973,66064,0,66064,65692,209,65,34,55733,139,65,34,416,3,9379,66007,3,0,65335,73,301,250,0,4,62636,3336,30,97,221,30,215
3546009,Santa Branca,Baixa,0,5.0,14925,7,5161,0,5161,3682,423,607,321,3640,407,605,320,22,14,4,5128,6,15,3327,25,822,661,8,251,4569,482,67,26,1428,26,1409
3546108,Santa Clara d'Oeste,Alta,0,777.0,2111,164,946,0,946,756,184,0,0,754,183,0,0,0,0,0,945,0,0,746,0,194,0,0,0,865,22,52,0,184,0,183
3546207,Santa Cruz da Conceição,Baixa,0,17.0,4584,8,1631,0,1631,1345,148,85,40,1328,148,85,40,10,0,7,1630,0,0,1270,13,119,216,0,0,1521,17,73,57,226,57,226
3546256,Santa Cruz da Esperança,Baixa,0,83.0,2166,18,764,0,764,543,149,7,56,543,149,7,56,0,0,0,760,0,3,540,88,113,15,0,3,612,80,53,105,113,105,113
3546306,Santa Cruz das Palmeiras,Baixa,8,32.0,35102,114,10416,0,10416,10092,154,9,128,10029,154,9,127,31,0,22,10399,3,0,10106,32,88,116,3,21,10179,63,87,133,171,133,170
3546405,Santa Cruz do Rio Pardo,Alta,8,383.0,48207,1848,16711,0,16711,15520,848,43,255,15049,840,43,255,417,0,31,16695,0,0,15277,56,443,845,0,7,15673,678,305,31,1125,31,1117
3546504,Santa Ernestina,Média,0,249.0,5577,139,2201,0,2201,2107,76,8,4,2106,76,8,4,0,0,0,2199,0,0,2127,0,59,4,0,5,2171,3,17,8,81,8,81
3546603,Santa Fé do Sul,Alta,8,311.0,32796,1020,13400,0,13400,12806,478,74,0,12415,441,68,0,18,0,351,13384,5,0,12824,7,183,348,4,0,13050,85,178,53,503,31,485
3546702,Santa Gertrudes,Média,8,110.0,27850,307,8137,0,8137,8014,73,0,21,7848,64,0,18,50,7,104,8127,4,3,7990,24,27,63,0,0,1786,6306,27,6,101,6,86
3546801,Santa Isabel,Baixa,8,7.0,58529,39,18726,0,18726,13432,1554,2784,637,13134,1405,2768,628,42,58,226,18459,37,178,9646,320,3181,4312,105,958,13927,4419,304,266,4938,197,4733
3546900,Santa Lúcia,Alta,0,735.0,8889,653,2463,3,2463,2282,155,4,18,2269,155,4,18,0,0,0,2461,0,0,2388,26,28,0,0,8,2385,20,31,146,32,146,32
3547007,Santa Maria da Serra,Baixa,0,16.0,6298,10,1854,0,1854,1666,138,8,35,1663,75,8,35,0,63,0,1854,0,0,1653,32,108,55,0,0,1734,74,37,61,122,58,61
3547106,Santa Mercedes,Alta,0,1893.0,2947,558,1142,0,1142,1046,91,0,0,1045,91,0,0,0,0,0,1140,0,0,893,0,187,57,0,0,1059,35,33,0,93,0,93
3547205,Santana da Ponte Pensa,Alta,0,919.0,1448,133,667,0,667,514,146,6,0,512,146,6,0,0,0,0,666,0,0,513,0,71,80,0,0,522,52,67,0,149,0,149
3547304,Santana de Parnaíba,Baixa,10,9.0,145073,133,52310,0,52310,49614,1128,623,150,37839,826,592,150,5736,168,5934,52073,102,75,36959,2229,6201,5533,322,867,49137,3031,21,222,2370,172,2058
3547403,Santa Rita d'Oeste,Alta,0,880.0,2476,218,1089,0,1089,864,201,16,0,857,201,16,0,4,0,0,1089,0,0,824,4,106,143,0,0,930,32,92,0,219,0,219
3547502,Santa Rita do Passa Quatro,Média,8,278.0,27641,769,9460,0,9460,8820,237,44,341,8741,237,44,340,69,0,3,9453,0,0,8746,0,318,338,9,14,8929,223,198,29,597,29,596
3547601,Santa Rosa de Viterbo,Baixa,8,96.0,26960,258,8597,0,8597,8307,227,0,32,8221,219,0,32,50,8,12,8575,0,10,8310,46,173,37,0,0,8337,147,60,23,249,15,249
3547650,Santa Salete,Alta,0,1977.0,1558,308,646,0,646,487,148,10,0,487,148,10,0,0,0,0,646,0,0,479,0,37,128,0,0,534,54,51,0,158,0,158
3547700,Santo Anastácio,Baixa,0,71.0,20855,149,6888,3,6888,6428,356,48,6,6402,355,48,6,0,0,25,6877,0,4,6393,0,261,206,0,0,6481,119,212,51,397,51,396
3547809,Santo André,Baixa,2,2.0,723889,156,280354,158,280354,277619,699,556,201,176821,163,556,200,2136,0,96706,279655,339,151,266548,4092,2697,2038,418,3245,265814,13843,5,805,1703,271,1698
3547908,Santo Antônio da Alegria,Baixa,0,44.0,7024,31,2566,0,2566,2066,198,66,225,2060,198,66,225,0,0,4,2564,0,0,2036,14,115,393,0,0,2095,387,78,30,463,30,463
3548005,Santo Antônio de Posse,Baixa,8,78.0,23742,186,7986,6,7986,7313,473,86,65,7115,468,86,64,8,5,144,7419,538,9,6469,120,1150,166,0,12,7530,376,59,97,546,92,545
3548054,Santo Antônio do Aracanguá,Alta,0,431.0,8541,368,3135,0,3135,2255,820,26,12,2244,638,26,11,11,176,0,3131,0,0,2265,0,484,369,0,0,2715,167,231,32,829,32,646
3548104,Santo Antônio do Jardim,Baixa,0,3.0,5926,2,2146,0,2146,1381,261,123,369,1376,260,123,369,0,0,4,2136,0,5,1398,0,205,479,0,43,1567,465,107,4,750,4,749
3548203,Santo Antônio do Pinhal,Baixa,0,1.0,6843,1,2604,0,2604,1382,197,33,956,1335,186,33,948,0,5,38,2460,9,126,997,27,898,364,3,250,2150,382,12,67,1134,63,1116
3548302,Santo Expedito,Alta,0,734.0,3159,232,1194,0,1194,1105,82,0,0,1105,82,0,0,0,0,0,1191,0,0,1062,0,76,47,0,0,1155,5,28,35,46,35,46
3548401,Santópolis do Aguapeí,Alta,0,358.0,4856,174,1470,0,1470,1413,44,7,0,1413,44,7,0,0,0,0,1469,0,0,1420,23,23,0,0,0,1425,0,25,16,37,16,37
3548500,Santos,Baixa,6,9.0,433991,393,167455,9,167455,166047,594,46,349,49248,549,46,345,2426,38,112322,166584,751,16,160023,1056,766,410,2512,2049,117153,49173,43,525,708,475,698
3548609,São Bento do Sapucaí,Baixa,0,0.0,10907,0,4283,0,4283,2877,33,0,1338,2729,33,0,1334,6,0,137,4267,8,0,2131,132,1031,351,35,547,3700,499,45,105,1274,105,1270
3548708,São Bernardo do Campo,Baixa,2,2.0,849874,169,300644,12,300644,297032,1530,833,108,192871,881,833,104,4233,5,96589,300076,131,191,278055,3839,7080,3029,1654,5817,261732,37926,69,978,2333,314,2297
3548807,São Caetano do Sul,Baixa,10,6.0,162763,99,61987,0,61987,61847,79,0,0,27743,0,0,0,846,0,32432,61962,6,0,61884,31,0,0,0,0,59345,2512,0,79,0,0,0
3548906,São Carlos,Baixa,3,83.0,256915,2138,96611,89,96611,93347,2353,240,271,71270,2188,236,270,5944,98,15940,96434,55,53,93306,43,2099,916,10,38,89630,6529,297,897,2237,802,2014
3549003,São Francisco,Alta,0,1326.0,2813,373,1044,0,1044,849,176,12,0,849,176,12,0,0,0,0,1042,0,0,847,10,83,96,0,0,862,44,90,13,175,13,175
3549102,São João da Boa Vista,Baixa,7,9.0,92315,81,34670,0,34670,33013,732,132,713,30314,719,132,713,481,0,2132,34638,12,0,32836,204,521,925,18,41,33077,1082,365,430,1172,407,1172
3549201,São João das Duas Pontes,Média,0,258.0,2555,66,980,0,980,835,137,4,0,835,137,4,0,0,0,0,977,0,0,832,45,32,64,0,0,879,44,51,0,137,0,137
3549250,São João de Iracema,Alta,0,1035.0,1942,201,687,0,687,583,74,26,0,583,74,26,0,0,0,0,687,0,0,568,0,22,92,0,0,663,0,20,0,101,0,101
3549300,São João do Pau d'Alho,Alta,0,907.0,2095,190,925,0,925,823,95,0,0,819,95,0,0,4,0,0,925,0,0,812,0,104,3,0,0,840,32,49,10,88,10,88
3549409,São Joaquim da Barra,Baixa,8,5.0,52737,27,17404,0,17404,16740,482,20,72,16338,482,20,72,188,0,192,17386,0,0,16987,54,136,127,0,55,16886,348,137,371,259,371,259
3549508,São José da Bela Vista,Baixa,0,11.0,8991,10,2667,0,2667,2152,418,8,83,2150,415,8,83,0,0,0,2589,0,76,2391,27,116,122,0,0,2441,131,82,62,448,59,448
3549607,São José do Barreiro,Baixa,0,0.0,4141,0,1443,0,1443,1057,20,10,341,1046,20,10,341,0,0,8,1431,7,0,904,0,105,271,0,144,1166,157,90,4,374,4,374
3549706,São José do Rio Pardo,Baixa,5,75.0,55298,413,18747,0,18747,17160,550,82,887,16507,519,77,885,116,24,511,18729,3,0,16339,235,472,796,78,700,17344,550,634,284,1248,281,1212
3549805,São José do Rio Preto,Alta,6,433.0,469173,20313,185594,15,185594,166523,18132,278,142,126065,7500,176,138,8309,3738,31730,184730,620,145,176500,490,4990,3259,0,11,177887,7269,170,12341,6366,2935,5024
3549904,São José dos Campos,Baixa,2,23.0,737310,1698,247851,17,247851,241159,2694,874,1785,163302,1310,860,1750,6988,88,70056,247230,188,272,235585,1763,3857,4822,327,708,229792,17201,245,1502,4898,545,4354
3549953,São Lourenço da Serra,Baixa,0,0.0,16127,0,5837,4,5837,3432,981,797,539,3317,967,792,512,50,3,58,5785,4,19,2373,100,1623,1536,19,63,4352,1309,116,168,2202,166,2157
3550001,São Luiz do Paraitinga,Baixa,0,7.0,10693,7,4161,0,4161,2334,217,438,1147,2244,217,438,1147,0,0,88,4132,4,8,2205,11,617,1117,21,154,3148,873,96,11,1793,11,1793
3550100,São Manuel,Baixa,8,26.0,41287,109,13523,0,13523,12975,282,34,191,12937,276,34,191,8,0,23,13509,0,0,12785,19,336,257,0,52,13046,236,124,146,371,146,364
3550209,São Miguel Arcanjo,Baixa,8,1.0,33071,2,11242,3,11242,8259,1059,1370,494,8143,1057,1369,492,6,0,81,11196,16,0,6635,16,779,3727,0,7,9406,1160,590,151,2803,151,2797
3550308,São Paulo,Baixa,1,10.0,12396372,11947,4307309,6497,4307309,4270787,9314,4830,1053,2731791,5825,4770,1019,69120,175,1428905,4297324,3563,3086,4074286,22967,34331,23359,6972,121710,3947893,341087,493,10729,21295,6795,20539
3550407,São Pedro,Baixa,8,74.0,36298,267,13918,14,13918,12665,652,368,166,12302,638,368,166,244,7,92,13899,0,0,11751,162,1451,477,0,0,13486,221,121,483,732,475,726
3550506,São Pedro do Turvo,Média,0,185.0,7724,143,2609,0,2609,1984,379,32,199,1975,379,32,199,0,0,0,2604,0,0,1990,0,149,444,0,6,2170,157,232,28,580,28,580
3550605,São Roque,Baixa,5,4.0,93076,38,28460,3,28460,23175,1817,2706,406,19931,1610,2577,402,1038,156,2098,28350,14,33,17937,149,4204,5069,27,823,24486,3630,190,544,4632,458,4362
3550704,São Sebastião,Média,5,120.0,91637,1098,28970,4,28970,19979,521,36,6504,18490,480,36,6255,552,22,785,28648,83,173,17591,918,7349,2090,420,154,22673,5752,15,726,8112,675,7833
3550803,São Sebastião da Grama,Baixa,0,2.0,12137,3,3862,0,3862,3300,87,20,445,3193,87,20,444,48,0,53,3861,0,0,3109,378,73,206,12,56,3438,320,75,180,375,179,375
3550902,São Simão,Baixa,0,13.0,15446,20,4871,0,4871,4418,286,3,133,4411,286,3,112,0,0,0,4855,9,0,4433,0,186,235,0,0,4505,100,183,35,409,35,388
3551009,São Vicente,Baixa,11,5.0,370839,174,119677,84,119677,117751,239,0,188,84681,80,0,176,2050,0,29946,118992,458,119,108122,1976,2783,755,1834,3313,106582,12588,199,665,1126,360,1087
3551108,Sarapuí,Baixa,0,0.0,10493,0,3706,0,3706,3161,200,165,116,3128,200,164,116,7,0,15,3490,0,212,2155,14,502,996,19,0,2087,1512,82,66,466,66,464
3551207,Sarutaiá,Média,0,182.0,3623,66,1362,0,1362,1252,32,9,64,1252,32,9,64,0,0,0,1359,0,0,1195,0,18,126,3,11,1316,20,18,34,74,34,74
3551306,Sebastianópolis do Sul,Alta,0,345.0,3595,124,1246,0,1246,1040,202,0,0,1040,202,0,0,0,0,0,1245,0,0,1041,26,40,135,0,0,1087,74,80,22,181,22,181
3551405,Serra Azul,Baixa,0,89.0,15292,136,3085,17,3085,2690,272,65,42,2681,272,65,42,0,0,3,3073,5,0,2682,4,201,175,0,0,3001,18,43,69,315,69,315
3551504,Serrana,Baixa,8,12.0,46166,54,14886,0,14886,14706,147,0,11,14112,143,0,11,4,0,536,14878,3,0,14681,21,93,51,0,12,14449,388,32,32,136,29,136
3551603,Serra Negra,Baixa,8,6.0,29669,17,11174,0,11174,9206,787,151,961,7087,756,147,906,204,25,1882,11122,18,6,8114,129,2319,446,4,81,10032,1023,79,434,1488,428,1404
3551702,Sertãozinho,Média,7,262.0,128432,3362,45875,0,45875,45399,283,106,45,39895,256,106,45,586,3,4856,45815,44,0,45435,99,113,132,4,40,45101,591,65,145,294,118,294
3551801,Sete Barras,Baixa,0,0.0,12731,0,4480,0,4480,2958,209,626,610,2895,205,607,600,0,3,51,4413,31,0,2484,55,1250,407,213,3,3820,337,286,52,1443,52,1410
3551900,Severínia,Média,0,181.0,17820,323,5058,0,5058,4838,210,0,0,4824,210,0,0,4,0,7,5051,0,0,4839,120,12,61,3,0,4948,34,54,148,62,148,62
3552007,Silveiras,Baixa,0,2.0,6375,1,2230,0,2230,1245,88,60,797,1242,88,60,796,0,0,0,2223,0,0,1142,16,154,511,5,367,1648,356,201,38,922,38,921
3552106,Socorro,Baixa,8,11.0,41690,44,15111,0,15111,9151,1875,1984,1981,7643,1862,1983,1975,69,3,1402,15049,41,0,8674,48,2483,2901,83,736,11390,3317,296,371,5510,371,5492
3552205,Sorocaba,Baixa,9,16.0,695328,1102,261524,105,261524,257948,1609,430,112,183730,1200,403,108,16408,396,56848,260978,152,109,253148,1082,3451,2141,23,964,77484,183348,136,956,2304,867,1870
3552304,Sud Mennucci,Média,0,199.0,7738,154,2810,0,2810,2430,350,14,4,2417,349,14,4,10,0,0,2809,0,0,2453,4,101,242,0,0,2565,104,88,38,327,38,326
3552403,Sumaré,Baixa,3,35.0,289875,1008,98544,15,98544,95002,1709,849,85,76176,923,806,79,3748,43,14708,97528,844,97,92126,437,604,2442,98,2375,92495,5676,103,701,2678,189,2122
3552502,Suzano,Baixa,3,15.0,303397,448,105737,14,105737,100288,2153,1588,187,79299,2034,1575,177,2926,13,17639,104001,654,870,94039,658,4797,3389,423,1669,99981,5089,335,605,4540,520,4419
3552551,Suzanápolis,Alta,0,849.0,4063,345,1279,0,1279,1020,242,3,0,1020,242,3,0,0,0,0,1274,0,0,1011,45,42,174,0,0,1062,39,156,34,218,34,218
3552601,Tabapuã,Média,0,162.0,12561,203,4328,0,4328,3998,322,0,0,3996,321,0,0,0,0,0,4328,0,0,3997,36,137,142,0,3,4052,104,128,123,201,122,201
3552700,Tabatinga,Baixa,0,60.0,16787,100,5512,0,5512,5019,245,213,18,5007,245,213,17,0,0,0,5502,4,0,4970,208,84,161,8,51,5060,158,247,53,426,53,425
3552809,Taboão da Serra,Baixa,3,3.0,297528,78,99418,8,99418,98760,142,14,133,74710,116,14,133,661,14,22680,99243,24,61,95370,517,923,440,297,1501,88811,9896,0,261,304,239,285
3552908,Taciba,Média,0,179.0,6371,114,2323,0,2323,1983,262,0,67,1983,262,0,67,0,0,0,2322,0,0,1985,125,79,118,0,0,2090,45,118,3,331,3,331
3553005,Taguaí,Baixa,0,2.0,14415,3,4353,0,4353,3894,113,66,261,3885,109,65,260,4,4,0,4342,0,4,3890,15,127,274,0,0,4162,77,72,17,433,13,429
3553104,Taiaçu,Baixa,0,13.0,6346,8,2086,0,2086,1948,126,5,0,1947,126,5,0,0,0,0,2086,0,0,1947,0,37,96,0,0,1975,20,78,0,133,0,133
3553203,Taiúva,Baixa,0,95.0,5562,53,2091,0,2091,1962,119,0,0,1960,119,0,0,0,0,0,2089,0,0,1967,0,7,113,0,0,1981,35,72,66,59,66,59
3553302,Tambaú,Baixa,8,10.0,23255,23,7619,0,7619,7106,274,49,165,6965,273,49,165,122,0,17,7610,0,0,6897,7,350,335,6,0,7131,123,236,3,496,3,495
3553401,Tanabi,Alta,8,609.0,26231,1597,9549,0,9549,8564,892,42,13,8537,863,41,13,7,0,10,9529,8,0,8567,80,466,397,0,3,8767,238,479,205,737,185,726
3553500,Tapiraí,Baixa,0,1.0,7725,1,2808,0,2808,1832,133,240,566,1814,133,240,566,9,0,7,2756,14,28,1720,12,307,683,9,24,2209,435,126,95,864,95,864
3553609,Tapiratiba,Baixa,0,1.0,12940,1,4204,0,4204,3836,106,33,206,3832,103,33,206,0,3,3,4202,0,0,3775,51,262,67,0,28,3962,119,86,69,286,69,283
3553658,Taquaral,Alta,0,789.0,2815,222,949,0,949,910,30,4,0,910,30,4,0,0,0,0,944,0,0,911,0,5,27,0,0,939,0,9,0,34,0,34
3553708,Taquaritinga,Baixa,5,97.0,57547,558,19809,3,19809,18929,674,135,25,18518,669,135,25,58,4,313,19778,7,0,18969,57,119,563,22,44,19037,173,418,84,758,84,754
3553807,Taquarituba,Baixa,8,4.0,23292,10,8367,0,8367,7457,230,132,535,7407,229,132,534,18,0,25,8347,7,0,7359,3,372,565,29,5,7645,212,416,120,771,118,771
3553856,Taquarivaí,Baixa,0,13.0,5968,8,2331,0,2331,1829,254,61,149,1805,253,61,147,0,0,24,2322,0,0,948,51,231,1081,0,0,1878,375,60,17,470,17,467
3553906,Tarabai,Média,0,294.0,7609,224,2319,3,2319,2127,180,4,0,2127,180,4,0,0,0,0,2317,0,0,2109,0,123,74,3,0,2174,19,88,0,186,0,186
3553955,Tarumã,Baixa,0,60.0,15361,92,5231,0,5231,5024,160,24,10,4996,160,24,10,18,0,6,5229,0,0,5020,3,81,121,0,0,5039,73,111,6,197,6,197
3554003,Tatuí,Baixa,7,2.0,124134,24,44199,0,44199,41860,1887,202,105,39379,1666,201,105,801,218,1596,43723,45,370,39485,37,3142,1188,3,127,40953,2932,152,440,1808,440,1586
3554102,Taubaté,Baixa,3,48.0,320820,1540,112832,10,112832,109664,1253,781,881,82805,955,758,872,3829,121,22764,112640,38,37,107142,421,2754,1799,26,201,102226,10351,75,203,2787,156,2490
3554201,Tejupá,Baixa,0,0.0,4452,0,1434,0,1434,1017,161,7,244,1016,161,7,244,0,0,0,1429,3,0,863,21,73,238,51,146,1049,164,208,14,399,14,399
3554300,Teodoro Sampaio,Alta,8,1550.0,23395,3627,8104,0,8104,7052,759,255,5,6632,759,255,5,399,0,9,8084,0,11,6887,13,370,800,11,0,6889,132,905,88,956,88,956
3554409,Terra Roxa,Média,0,128.0,9502,122,2925,0,2925,2533,260,114,11,2533,260,114,11,0,0,0,2922,0,0,2825,7,0,77,0,0,2860,19,17,205,181,205,181
3554508,Tietê,Baixa,8,66.0,42946,283,13833,0,13833,12805,802,100,89,11942,797,100,88,211,4,633,13827,0,0,12310,39,1212,230,0,0,13161,529,113,94,912,93,904
3554607,Timburi,Baixa,0,0.0,2647,0,975,0,975,758,36,0,173,758,36,0,173,0,0,0,974,0,0,745,3,87,127,0,0,886,60,27,35,178,35,178
3554656,Torre de Pedra,Baixa,0,4.0,2432,1,814,0,814,727,10,13,47,726,10,13,47,0,0,0,812,0,0,564,26,158,43,3,0,720,92,0,35,47,35,47
3554706,Torrinha,Baixa,0,12.0,10100,12,3418,0,3418,2988,295,24,84,2985,295,24,84,0,0,0,3416,0,0,2985,35,203,180,0,3,3042,230,105,51,372,51,372
3554755,Trabiju,Média,0,103.0,1752,18,598,0,598,551,38,0,9,551,38,0,9,0,0,0,598,0,0,544,0,44,7,0,0,556,16,25,3,43,3,43
3554805,Tremembé,Baixa,8,59.0,48228,286,15140,0,15140,14414,105,457,76,12324,104,455,76,1434,0,599,15081,8,22,13734,14,530,664,60,30,14465,488,129,41,642,38,639
3554904,Três Fronteiras,Alta,0,505.0,5856,296,2587,0,2587,2351,203,19,0,2346,202,19,0,3,0,0,2584,0,0,2292,75,103,96,0,0,2366,42,103,15,210,13,210
3554953,Tuiuti,Baixa,0,0.0,7058,0,2527,0,2527,1302,882,226,97,1300,881,226,97,0,0,0,2517,3,0,694,62,1648,91,0,4,2174,247,32,680,526,679,525
3555000,Tupã,Alta,5,472.0,65615,3095,24061,7,24061,22576,1315,72,24,21833,1300,72,24,120,10,565,23987,45,0,22523,163,691,619,0,0,22971,473,448,85,1353,78,1343
3555109,Tupi Paulista,Alta,0,835.0,15670,1309,5569,0,5569,5015,521,20,0,4970,521,20,0,12,0,31,5559,0,4,4917,7,267,359,0,0,4962,264,293,37,508,37,508
3555208,Turiúba,Média,0,222.0,2024,45,756,0,756,632,114,6,3,632,114,6,3,0,0,0,750,5,0,630,33,77,10,0,0,658,33,33,3,118,3,118
3555307,Turmalina,Alta,0,636.0,1667,106,711,0,711,565,141,0,0,565,141,0,0,0,0,0,711,0,0,561,17,64,64,0,0,613,39,54,43,100,43,100
3555356,Ubarana,Alta,0,838.0,6488,544,1920,0,1920,1731,184,0,0,1731,171,0,0,0,13,0,1917,0,0,1741,7,159,0,0,0,1857,26,29,177,9,165,6
3555406,Ubatuba,Baixa,5,18.0,92819,169,33956,14,33956,24655,371,48,7286,20754,353,48,7140,333,6,3369,33457,273,123,11459,1223,14232,6056,87,364,29799,3879,34,1015,8083,982,7925
3555505,Ubirajara,Baixa,0,4.0,4828,2,1832,0,1832,1400,347,18,56,1376,347,18,56,0,0,0,1829,0,0,1271,0,362,181,0,4,1608,75,103,17,406,17,406
3555604,Uchoa,Média,0,274.0,10191,279,3982,0,3982,3698,254,16,0,3696,253,16,0,0,0,0,3979,0,0,3708,3,87,167,4,0,3764,9,123,7,264,7,263
3555703,União Paulista,Média,0,276.0,1886,52,585,0,585,498,82,0,0,494,82,0,0,0,0,0,585,0,0,500,7,77,0,0,0,513,17,52,29,56,29,56
3555802,Urânia,Alta,0,1818.0,9125,1659,3434,0,3434,3019,359,49,0,3017,358,49,0,0,0,0,3432,0,0,3024,22,75,304,0,0,3045,54,156,5,401,5,400
3555901,Uru,Baixa,0,26.0,1142,3,538,0,538,415,109,0,12,415,109,0,12,0,0,0,537,0,0,435,4,90,0,0,0,452,61,17,31,88,31,88
3556008,Urupês,Baixa,0,62.0,13965,86,5205,0,5205,4834,337,25,0,4824,337,25,0,4,0,0,5202,0,0,4834,55,95,207,0,0,4894,97,172,63,296,63,296
3556107,Valentim Gentil,Média,0,176.0,13732,241,5173,0,5173,4831,320,7,0,4719,320,7,0,11,0,86,5171,0,0,4836,52,27,249,0,0,4909,122,134,48,285,48,285
3556206,Valinhos,Baixa,7,85.0,133169,1129,46354,7,46354,42800,2544,496,215,29380,1832,476,188,3355,682,9867,46084,14,225,42240,105,2104,1712,0,33,43646,2604,30,281,3198,252,2268
3556305,Valparaíso,Média,8,100.0,27154,271,7763,6,7763,7472,227,35,0,7357,226,35,0,93,0,6,7749,4,0,7419,71,29,204,0,0,7637,11,65,78,188,78,187
3556354,Vargem,Baixa,0,0.0,10842,0,3658,0,3658,2016,631,761,207,1986,627,760,207,13,0,6,3499,133,8,1572,301,393,1280,22,50,3006,610,20,366,1262,365,1258
3556404,Vargem Grande do Sul,Baixa,8,2.0,43368,9,14591,0,14591,13838,293,229,196,13517,292,229,196,21,0,277,14488,8,80,13837,31,220,411,7,27,14005,140,283,207,519,207,518
3556453,Vargem Grande Paulista,Baixa,8,3.0,54315,14,17645,0,17645,16436,616,469,3,13799,455,414,3,1880,151,724,17584,0,4,9383,278,5813,1743,6,267,17257,268,37,226,879,209,682
3556503,Várzea Paulista,Baixa,7,62.0,124269,767,40492,15,40492,39502,633,193,0,37290,626,191,0,233,5,1884,40397,10,37,38444,221,772,451,12,446,39556,907,0,328,550,327,542
3556602,Vera Cruz,Alta,0,1022.0,10804,1104,3569,0,3569,3164,319,19,48,3158,318,19,48,0,0,0,3563,0,0,3133,100,207,112,8,0,3228,110,167,54,336,54,335
3556701,Vinhedo,Baixa,5,27.0,81516,221,27415,0,27415,26580,659,81,21,19874,475,78,21,2952,176,3694,27355,7,33,25210,91,1723,283,0,11,25896,1448,22,111,660,94,493
3556800,Viradouro,Média,0,159.0,19133,304,6225,0,6225,6036,68,105,0,6020,68,105,0,10,0,0,6221,3,0,6041,0,16,149,0,4,6086,58,69,0,173,0,173
3556909,Vista Alegre do Alto,Média,0,159.0,9163,146,2865,0,2865,2713,146,0,0,2704,146,0,0,4,0,5,2862,0,0,2714,6,13,117,5,0,2727,40,68,53,96,53,96
3556958,Vitória Brasil,Alta,0,448.0,1852,83,693,0,693,588,91,12,0,588,90,12,0,0,0,0,693,0,0,597,0,44,50,0,0,624,24,42,3,97,3,96
3557006,Votorantim,Baixa,7,53.0,124468,660,44333,132,44333,42909,643,133,100,33439,299,132,96,1422,8,7956,43973,81,237,40921,1387,741,625,187,262,36974,7187,44,49,1305,34,970
3557105,Votuporanga,Alta,7,1046.0,96106,10053,37338,3,37338,36247,1021,24,0,33546,943,24,0,190,0,2461,37314,0,3,36201,74,442,555,0,0,36622,259,337,123,930,46,929
3557154,Zacarias,Alta,0,431.0,2784,120,1055,0,1055,846,187,10,0,844,186,10,0,0,0,0,1052,0,0,858,0,141,51,0,0,882,22,83,18,180,17,180
3557204,Chavantes,Baixa,0,91.0,12418,113,4343,0,4343,4236,60,3,36,4234,60,3,36,0,0,0,4336,0,0,4069,6,25,82,0,39,4263,34,39,29,72,29,72
