CD_MUN,NM_MUN_x,População_total_2021,Total_confirmados_anual,Taxa_incidência_mil
3500105,Adamantina,-0.07431812436506223,0.5153026163153457,0.5122192537402541
3500204,Adolfo,-0.13735327511244638,-0.20768611261521222,0.8454357644612203
3500303,Aguaí,-0.07067258350305837,-0.3116692631382197,-0.6510092927765729
3500402,Águas da Prata,-0.1279462640369145,-0.31533925668609053,-0.6570677747896814
3500501,Águas de Lindóia,-0.10671517650032088,-0.30188261367723074,-0.6207168827110305
3500550,Águas de Santa Bárbara,-0.13217413418322096,-0.2847559771205001,-0.4116992532587882
3500600,Águas de São Pedro,-0.1372675211424977,-0.30065928249460716,-0.4541086273505475
3500709,Agudos,-0.0694740222021479,-0.15630620294502026,-0.44805014533743903
3500758,Alambari,-0.13199664340821093,-0.3147275910947787,-0.6510092927765729
3500808,Alfredo Marcondes,-0.13604502850113645,-0.1287812513359889,1.5421611959686947
3500907,Altair,-0.13602508571742747,-0.29148429862493,-0.37534836118013737
3501004,Altinópolis,-0.11207380248292721,-0.3092226007729725,-0.638892328750356
3501103,Alto Alegre,-0.13629032474075706,-0.10798462123138738,1.8602315016568896
3501152,Alumínio,-0.10672514789217538,-0.31105759754690787,-0.6449508107634645
3501202,Álvares Florence,-0.1372116813481125,-0.04742972769151832,3.0113430841474997
3501301,Álvares Machado,-0.09441047895187238,0.0871367023970796,0.13659336892752869
3501400,Álvaro de Carvalho,-0.13381343100410018,-0.24989103841572702,-0.04819033247227977
3501509,Alvinlândia,-0.13793959295349076,-0.3055526072251016,-0.5086349654685238
3501608,Americana,0.3429188135593704,2.320939441867805,-0.1239213576361357
3501707,Américo Brasiliense,-0.0615706970182741,1.7704404096871773,1.8299390915913474
3501806,Américo de Campos,-0.13247128166048497,-0.053546383604636406,1.5058103038900439
3501905,Amparo,0.0014484995021428499,-0.2982126201293599,-0.6449508107634645
3502002,Analândia,-0.13422225807013452,-0.28781430507705913,-0.39049456621290857
3502101,Andradina,-0.03026052659515555,0.8841369678763663,0.3819618904584219
3502200,Angatuba,-0.09312217512427146,-0.30861093518166066,-0.6449508107634645
3502309,Anhembi,-0.13064053411599943,-0.31044593195559606,-0.6207168827110305
3502408,Anhumas,-0.13610286257389254,-0.1367329040230424,1.4634009297982846
3502507,Aparecida,-0.0722081778486508,-0.2896493018509946,-0.6207168827110305
3502606,Aparecida d'Oeste,-0.1362025764924375,-0.07923633843973237,2.1783018073450844
3502705,Apiaí,-0.09639877448765895,-0.3122809287295315,-0.6510092927765729
3502754,Araçariguama,-0.09787055192538262,-0.3122809287295315,-0.6510092927765729
3502804,Araçatuba,0.2528572023295594,1.4107810419958338,-0.22691555185897977
3502903,Araçoiaba da Serra,-0.07384747466953,-0.304329276042478,-0.6419215697569103
3503000,Aramina,-0.13307754228523833,-0.3092226007729725,-0.6025414366717051
3503109,Arandu,-0.13171345587954322,-0.31533925668609053,-0.6570677747896814
3503158,Arapeí,-0.13953302137183926,-0.31533925668609053,-0.6570677747896814
3503208,Araraquara,0.33528471595556797,12.485598238287444,1.978371900912505
3503307,Araras,0.12827263822111104,1.4811225849966916,-0.005780958380520453
3503356,Arco-Íris,-0.14092303339635606,-0.25050270400703883,1.1725937931690777
3503406,Arealva,-0.1271425698534421,-0.2902609674423064,-0.5146934474816323
3503505,Areias,-0.13663334062055174,-0.31533925668609053,-0.6570677747896814
3503604,Areiópolis,-0.12211499408040505,-0.3061642728164134,-0.6176876417044763
3503703,Ariranha,-0.12477735570555556,-0.27496932765951115,-0.4541086273505475
3503802,Artur Nogueira,-0.03225081640931302,-0.14896621584927858,-0.511664206475078
3503901,Arujá,0.039954026287465964,-0.2621243502419632,-0.6298046057306933
3503950,Aspásia,-0.14080337669410212,-0.1936178040150406,2.6629803683937623
3504008,Assis,0.06650784279598974,-0.03030309113478767,-0.523781170501295
3504107,Atibaia,0.14550120906730984,0.37033787117444705,-0.4238162172850052
3504206,Auriflama,-0.11387862440859106,-0.13795623520566602,-0.08454122455093062
3504305,Avaí,-0.13352027208357797,-0.28903763625968276,-0.4177577352718967
3504404,Avanhandava,-0.11637745520732784,-0.13367457606648336,-0.0178979224067374
3504503,Avaré,0.03863580828430155,-0.2578426911027805,-0.6267753647241391
3504602,Bady Bassitt,-0.10850005564227573,-0.10798462123138738,-0.08757046555748485
3504701,Balbinos,-0.13220404835878447,-0.3116692631382197,-0.6267753647241391
3504800,Bálsamo,-0.1260576824196729,-0.04131307177840023,0.8151433543956779
3504909,Bananal,-0.12240815300092724,-0.31411592550346695,-0.6510092927765729
3505005,Barão de Antonina,-0.13739316067986435,-0.2572310255114687,0.1608272969799626
3505104,Barbosa,-0.12940208724767097,-0.2694643373377049,-0.35414367413425774
3505203,Bariri,-0.07294007801077083,-0.30310594485985437,-0.638892328750356
3505302,Barra Bonita,-0.07237968578854814,-0.10553795886614015,-0.3692898791670289
3505351,Barra do Chapéu,-0.1328681430562939,-0.31533925668609053,-0.6570677747896814
3505401,Barra do Turvo,-0.12925451064822444,-0.30799926959034885,-0.6085999186848137
3505500,Barretos,0.10196212367383697,0.9208369033550748,-0.16027224971478654
3505609,Barrinha,-0.07754087821243545,-0.07862467284842056,-0.30870505903594414
3505708,Barueri,0.4133846455167252,-0.27986265239000563,-0.6510092927765729
3505807,Bastos,-0.10263887151020278,0.08346670884920876,0.2850261782486863
3505906,Batatais,-0.017909960644176368,0.5024576388977977,-0.0178979224067374
3506003,Bauru,0.6168050279051926,2.027951623629449,-0.35414367413425774
3506102,Bebedouro,0.010356940984949891,0.007620175526544469,-0.4510793863439933
3506201,Bento de Abreu,-0.1383843170302013,-0.27435766206819934,0.01239448765880497
3506300,Bernardino de Campos,-0.12215089109108124,-0.31105759754690787,-0.638892328750356
3506359,Bertioga,-0.01249350058881395,-0.22603608035456646,-0.5904244726454883
3506409,Bilac,-0.12807589213102297,-0.21563776530226572,-0.05424881448538824
3506508,Birigui,0.10704354496288832,5.578670381194498,1.6572723542177559
3506607,Biritiba Mirim,-0.07808332192932005,-0.2823093147552529,-0.6085999186848137
3506706,Boa Esperança do Sul,-0.1142874514746254,0.14830326152826048,0.8636112105005457
3506805,Bocaina,-0.11935291853670955,-0.12633458897074165,0.0881255128226609
3506904,Bofete,-0.12027826370080681,-0.3128925943208433,-0.6479800517700187
3507001,Boituva,-0.018165228275651476,-0.26151268465065136,-0.6146584006979221
3507100,Bom Jesus dos Perdões,-0.09156264943822823,-0.28108598357262926,-0.5934537136520425
3507159,Bom Sucesso de Itararé,-0.13641995283486552,-0.3147275910947787,-0.6510092927765729
3507209,Borá,-0.1427497923840998,-0.27496932765951115,1.7269448973685033
3507308,Boracéia,-0.13462510230105618,-0.3037176104511662,-0.5389273755340662
3507407,Borborema,-0.11196012861578596,0.6223440947949123,2.19647725338441
3507456,Borebi,-0.13901251471703457,-0.21319110293701848,1.2089446852477286
3507506,Botucatu,0.1541563771970127,-0.14896621584927858,-0.6025414366717051
3507605,Bragança Paulista,0.19928290817372138,-0.16181119326682655,-0.6116291596913679
3507704,Braúna,-0.13286614877792302,-0.13489790724910697,0.8848158975464253
3507753,Brejo Alegre,-0.1386176475995965,-0.22542441476325467,0.8726989335202083
3507803,Brodowski,-0.09335949425040846,-0.27496932765951115,-0.5783075086192713
3507902,Brotas,-0.09484124307998662,-0.10431462768351653,-0.23600327487864248
3508009,Buri,-0.10443771060075391,-0.3128925943208433,-0.6510092927765729
3508108,Buritama,-0.10969462838644439,0.6981906281175765,2.2267696634499523
3508207,Buritizal,-0.1353550081848053,-0.28842597066837095,-0.36323139715392044
3508306,Cabrália Paulista,-0.13600314865534757,-0.28781430507705913,-0.33293898708837805
3508405,Cabreúva,-0.04245553883320459,-0.29393096099017724,-0.6358630877438017
3508504,Caçapava,0.04653315063306265,-0.25356103196359786,-0.6237461237175848
3508603,Cachoeira Paulista,-0.07696253748487467,-0.3061642728164134,-0.6449508107634645
3508702,Caconde,-0.10646988026070027,-0.3122809287295315,-0.6479800517700187
3508801,Cafelândia,-0.10869150636588205,-0.26640600938114584,-0.5207519294947407
3508900,Caiabu,-0.13605699417136186,-0.27496932765951115,-0.1814769367606662
3509007,Caieiras,0.0630697068845594,-0.2651826781985222,-0.6328338467372475
3509106,Caiuá,-0.13242341897958337,-0.28597930830312374,-0.4147284942653425
3509205,Cajamar,0.013192804828368654,-0.23031773949374912,-0.6025414366717051
3509254,Cajati,-0.08770372079053813,-0.31350425991215514,-0.6540385337831272
3509304,Cajobi,-0.12318592156557795,-0.1722095083191273,0.009365246652250733
3509403,Cajuru,-0.091349261652542,-0.31350425991215514,-0.6540385337831272
3509452,Campina do Monte Alegre,-0.13228182521524953,-0.31533925668609053,-0.6570677747896814
3509502,Campinas,2.2950520996464268,6.581190285354553,-0.3783776021866916
3509601,Campo Limpo Paulista,0.027896619257008974,-0.25050270400703883,-0.6207168827110305
3509700,Campos do Jordão,-0.03929859617207104,-0.3128925943208433,-0.6540385337831272
3509809,Campos Novos Paulista,-0.13439576028840275,-0.18872447928454614,0.5909795199106642
3509908,Cananéia,-0.11941075260946564,-0.31411592550346695,-0.6510092927765729
3509957,Canas,-0.13391713347938694,-0.31533925668609053,-0.6570677747896814
3510005,Cândido Mota,-0.0817827083073382,-0.278639321207382,-0.5995121956651509
3510104,Cândido Rodrigues,-0.13882904110691183,-0.2829209803465647,-0.08454122455093062
3510153,Canitar,-0.1337236884774097,-0.2792509867986938,-0.32385126406871534
3510203,Capão Bonito,-0.050496469224670444,-0.2988242857206717,-0.638892328750356
3510302,Capela do Alto,-0.10203061660707849,-0.3012709480859189,-0.6237461237175848
3510401,Capivari,-0.03080297031204015,-0.23765772658949083,-0.5904244726454883
3510500,Caraguatatuba,0.10524869442907897,-0.1783261642322454,-0.6025414366717051
3510609,Carapicuíba,0.6640076026660074,-0.22236608680669562,-0.6449508107634645
3510708,Cardoso,-0.11975177421088941,-0.1783261642322454,-0.10877515260336451
3510807,Casa Branca,-0.08328838847736715,-0.3122809287295315,-0.6510092927765729
3510906,Cássia dos Coqueiros,-0.1394612273504869,-0.3055526072251016,-0.46319635037021023
3511003,Castilho,-0.10150412711716109,0.03392179595295224,0.1456810919471914
3511102,Catanduva,0.10110059541760849,1.9667850644982678,0.2607922501962524
3511201,Catiguá,-0.12865822141532554,-0.15569453735370847,0.34258175737321683
3511300,Cedral,-0.1255730727755444,0.20212983356369965,2.054102926076361
3511409,Cerqueira César,-0.10375766167627726,-0.30799926959034885,-0.638892328750356
3511508,Cerquilho,-0.043450683740283325,-0.1642578556320738,-0.5086349654685238
3511607,Cesário Lange,-0.10733938563041236,-0.2064627814325886,-0.36626063816047466
3511706,Charqueada,-0.10944534359008198,0.02658180885721054,0.3092601063011202
3511904,Clementina,-0.12668588010650617,-0.16670451799732103,0.1699150199996253
3512001,Colina,-0.10732741996018695,-0.2150260997109539,-0.39049456621290857
3512100,Colômbia,-0.1320125976351781,-0.18444282014536348,0.3849911314649761
3512209,Conchal,-0.08760400687199317,-0.29454262658148905,-0.6207168827110305
3512308,Conchas,-0.10825077084591332,-0.31411592550346695,-0.6540385337831272
3512407,Cordeirópolis,-0.09433469637377821,0.020465152944092454,0.006336005645696496
3512506,Coroados,-0.1320644488728215,-0.024186435221669585,1.6693893182439727
3512605,Coronel Macedo,-0.13526725993648572,-0.31533925668609053,-0.6570677747896814
3512704,Corumbataí,-0.13630229041098246,-0.30249427926854255,-0.49954724244886106
3512803,Cosmópolis,0.004473819790797043,-0.0015548083431326614,-0.44805014533743903
3512902,Cosmorama,-0.1298866968917995,-0.17037451154519187,0.32743555234044563
3513009,Cotia,0.36986550290696135,-0.15691786853633208,-0.6267753647241391
3513108,Cravinhos,-0.07291215811357825,-0.2841443115291883,-0.6146584006979221
3513207,Cristais Paulista,-0.126867359438258,-0.278639321207382,-0.4510793863439933
3513306,Cruzália,-0.14039255534969686,-0.29943595131198353,-0.2662956849441848
3513405,Cruzeiro,0.020892713618410736,-0.3061642728164134,-0.6510092927765729
3513504,Cubatão,0.11986077205265792,-0.28659097389443555,-0.6449508107634645
3513603,Cunha,-0.10179928031605417,-0.3147275910947787,-0.6570677747896814
3513702,Descalvado,-0.07642408232473186,0.20335316474632326,0.09721323584232361
3513801,Diadema,0.7122192822824973,-0.208297778206524,-0.6449508107634645
3513850,Dirce Reis,-0.1408233194778111,-0.16731618358863284,3.4051444149995507
3513900,Divinolândia,-0.12243208434137803,-0.30861093518166066,-0.6267753647241391
3514007,Dobrada,-0.12629899010255172,-0.14957788144059037,0.2456460451634812
3514106,Dois Córregos,-0.0891735039498909,-0.2774159900247584,-0.5904244726454883
3514205,Dolcinópolis,-0.14021905313142863,-0.18016116100618082,2.517576800079159
3514304,Dourado,-0.12670781716858606,-0.18199615778011624,0.08509627181610666
3514403,Dracena,-0.050119550612570486,0.7679205055271227,0.47889760266815745
3514502,Duartina,-0.11965206029234444,0.09508835508413312,0.9787223687496067
3514601,Dumont,-0.1241332037917551,-0.18688948251061072,-0.03304412743950859
3514700,Echaporã,-0.13240547047424528,-0.2933192953988654,-0.4753133143964272
3514809,Eldorado,-0.11332820357822286,-0.31533925668609053,-0.6570677747896814
3514908,Elias Fausto,-0.10833652481586199,-0.30861093518166066,-0.638892328750356
3514924,Elisiário,-0.13696040227337922,-0.20340445347602953,0.8242310774153406
3514957,Embaúba,-0.13954498704206467,-0.16058786208420295,2.4751674259874
3515004,Embu das Artes,0.4125071630335295,-0.28108598357262926,-0.6510092927765729
3515103,Embu-Guaçu,-0.004021806069233849,-0.31105759754690787,-0.6540385337831272
3515129,Emilianópolis,-0.13796551857231246,-0.30249427926854255,-0.460167109363656
3515152,Engenheiro Coelho,-0.10112321994831933,-0.28903763625968276,-0.5964829546585967
3515186,Espírito Santo do Pinhal,-0.05546421664658053,0.10181667658856301,-0.19359390078688316
3515194,Espírito Santo do Turvo,-0.13459917668223448,-0.19789946315422327,0.524336217766471
3515202,Estrela d'Oeste,-0.12763116805431243,-0.08902298790072131,0.6727690270876286
3515301,Estrela do Norte,-0.13889086373640971,-0.2927076298075536,-0.2541787209179679
3515350,Euclides da Cunha Paulista,-0.12591608865533904,0.08469004003183238,1.4785471348310557
3515400,Fartura,-0.11231112160906423,-0.2682410061550813,-0.511664206475078
3515509,Fernandópolis,-0.005461675053023122,0.24433475936421445,-0.2602372029310764
3515608,Fernando Prestes,-0.132846205994214,-0.27252266529426394,-0.2905296129966187
3515657,Fernão,-0.14095494185029045,-0.30065928249460716,-0.2390325158851967
3515707,Ferraz de Vasconcelos,0.25176234350393567,-0.19422946960635243,-0.6267753647241391
3515806,Flora Rica,-0.14163698505313801,-0.31533925668609053,-0.6570677747896814
3515905,Floreal,-0.13867149311561078,-0.13245124488385973,2.4842551490070623
3516002,Flórida Paulista,-0.11463645018953278,-0.17404450509306274,-0.18753541877377466
3516101,Florínea,-0.1391760455434483,-0.31044593195559606,-0.5661905445930543
3516200,Franca,0.5706035808865692,4.032991431949558,-0.05727805549194248
3516309,Francisco Morato,0.21329470800765965,-0.28353264593787647,-0.6479800517700187
3516408,Franco da Rocha,0.17154648459125432,-0.2602893534680278,-0.638892328750356
3516507,Gabriel Monteiro,-0.1388868751796679,-0.022963104039045966,4.559285238496715
3516606,Gália,-0.13162171907448186,-0.12755792015336526,0.790909426343244
3516705,Garça,-0.0558191981966006,4.617132071652335,4.841004652106259
3516804,Gastão Vidigal,-0.13462909085779798,-0.13306291047517155,1.1816815161887406
3516853,Gavião Peixoto,-0.1347686903437609,-0.15324787498846124,0.9999270557954864
3516903,General Salgado,-0.1227751002211727,0.421717780844639,2.7053897424855218
3517000,Getulina,-0.12151870484750617,-0.29515429217280087,-0.5692197855996085
3517109,Glicério,-0.13476669606539002,-0.11104294918794642,1.4331085197327422
3517208,Guaiçara,-0.11966203168419894,-0.2547843631462215,-0.4147284942653425
3517307,Guaimbê,-0.13284421171584312,-0.23826939218080265,0.0002775236325880215
3517406,Guaíra,-0.062093197951449706,-0.03764307823052938,-0.32385126406871534
3517505,Guapiaçu,-0.1003753655592321,0.04860177014443565,0.15779805597340835
3517604,Guapiara,-0.11072766458257022,-0.3147275910947787,-0.6540385337831272
3517703,Guará,-0.1017574004702653,-0.3147275910947787,-0.6570677747896814
3517802,Guaraçaí,-0.1279542411503981,0.5097976259935394,4.292712029919942
3517901,Guaraci,-0.12172411551970878,-0.21869609325882478,-0.23600327487864248
3518008,Guarani d'Oeste,-0.14044241230896934,-0.2902609674423064,-0.03607336844606282
3518107,Guarantã,-0.13109124102782266,-0.304329276042478,-0.575278267612717
3518206,Guararapes,-0.07809927615628724,0.18010987227647454,0.08206703080955242
3518305,Guararema,-0.08366730136783801,-0.3061642728164134,-0.6419215697569103
3518404,Guaratinguetá,0.10125614913053864,-0.2841443115291883,-0.6449508107634645
3518503,Guareí,-0.10604509896769872,-0.3128925943208433,-0.6510092927765729
3518602,Guariba,-0.06294276053745279,0.34036625720016844,0.13659336892752869
3518701,Guarujá,0.5036716102024479,-0.262736015833275,-0.6479800517700187
3518800,Guarulhos,2.6569278699946954,0.3397545916088566,-0.6328338467372475
3518859,Guatapará,-0.12894739177910594,-0.2816976491639411,-0.4419916633243306
3518909,Guzolândia,-0.13376157976645678,-0.2633476814245868,-0.17541845474755774
3519006,Herculândia,-0.12518019993647722,-0.16670451799732103,0.10630095886198632
3519055,Holambra,-0.11330227795940116,-0.23215273626768457,-0.3935238072194628
3519071,Hortolândia,0.3293577206372554,0.3850178453659305,-0.511664206475078
3519105,Iacanga,-0.12048766292975124,-0.20340445347602953,-0.19662314179343737
3519204,Iacri,-0.13192086083011675,-0.10064463413564567,1.0393071888806915
3519253,Iaras,-0.12490698379966403,-0.16119952767551474,0.12447640490131175
3519303,Ibaté,-0.07296799790796342,0.5299825905068292,0.5122192537402541
3519402,Ibirá,-0.1192173076074884,0.1990715056071406,1.3573774945688863
3519501,Ibirarema,-0.12861634156953666,-0.31411592550346695,-0.6479800517700187
3519600,Ibitinga,-0.0224728695567939,-0.00705979866493894,-0.408670012252234
3519709,Ibiúna,0.015242922993653103,-0.3098342663642843,-0.6540385337831272
3519808,Icém,-0.1277448419214537,-0.2064627814325886,-0.011839440393628926
3519907,Iepê,-0.12801406950152508,-0.23826939218080265,-0.19359390078688316
3520004,Igaraçu do Tietê,-0.09492300849319349,-0.28903763625968276,-0.6055706776782593
3520103,Igarapava,-0.08301716661892485,-0.27252266529426394,-0.5873952316389339
3520202,Igaratá,-0.1252160969471534,-0.3122809287295315,-0.6419215697569103
3520301,Iguape,-0.08236703187001168,-0.31044593195559606,-0.6479800517700187
3520400,Ilhabela,-0.07224208058095609,-0.05232305242201279,-0.2965880950097272
3520426,Ilha Comprida,-0.12138508819665592,-0.3128925943208433,-0.6479800517700187
3520442,Ilha Solteira,-0.0908048236572865,-0.27986265239000563,-0.5904244726454883
3520509,Indaiatuba,0.37546543657244646,0.5299825905068292,-0.49651800144230684
3520608,Indiana,-0.13470487343589213,-0.16731618358863284,0.8484650054677745
3520707,Indiaporã,-0.1366931689716787,-0.30799926959034885,-0.5631613035865001
3520806,Inúbia Paulista,-0.13635613592699675,-0.1452962223014077,1.4240207967130796
3520905,Ipaussu,-0.11417976044259685,-0.2976009545380481,-0.5995121956651509
3521002,Iperó,-0.06710282521914868,-0.30738760399903703,-0.6479800517700187
3521101,Ipeúna,-0.1288197579633684,-0.28720263948574737,-0.47834255540298143
3521150,Ipiguá,-0.13334078703019703,-0.28720263948574737,-0.40564077124567977
3521200,Iporanga,-0.13608690834692533,-0.31533925668609053,-0.6570677747896814
3521309,Ipuã,-0.11093108097640193,-0.26457101260721044,-0.5086349654685238
3521408,Iracemápolis,-0.09460192967547872,-0.2621243502419632,-0.5510443395602831
3521507,Irapuã,-0.1282673428546293,-0.3098342663642843,-0.6237461237175848
3521606,Irapuru,-0.12775880187004998,-0.22297775239800743,-0.10877515260336451
3521705,Itaberá,-0.10971257689178249,-0.31044593195559606,-0.6419215697569103
3521804,Itaí,-0.08931709199259565,-0.3128925943208433,-0.6540385337831272
3521903,Itajobi,-0.11384871023302758,0.4296694335316925,1.7481495844143828
3522000,Itaju,-0.13657151799105385,-0.3049409416337898,-0.5268104115078492
3522109,Itanhaém,0.06368195034442548,-0.2553960287375333,-0.6298046057306933
3522158,Itaoca,-0.1377780564054479,-0.3147275910947787,-0.6479800517700187
3522208,Itapecerica da Serra,0.2136975522385813,-0.3092226007729725,-0.6540385337831272
3522307,Itapetininga,0.18883288951020918,-0.27313433088557576,-0.6449508107634645
3522406,Itapeva,0.04551407438553313,0.07490339057084343,-0.4541086273505475
3522505,Itapevi,0.3424421810287255,-0.2853676427118119,-0.6510092927765729
3522604,Itapira,0.006509978007485198,-0.24071605454604988,-0.6085999186848137
3522653,Itapirapuã Paulista,-0.13585956061264282,-0.3147275910947787,-0.6510092927765729
3522703,Itápolis,-0.05760008878181365,-0.1373445696143542,-0.4541086273505475
3522802,Itaporanga,-0.11411594353472806,-0.026021431995605013,0.2850261782486863
3522901,Itapuí,-0.11591079406853741,-0.22970607390243733,-0.36020215614736617
3523008,Itapura,-0.13446356575301333,-0.2988242857206717,-0.4934887604357526
3523107,Itaquaquecetuba,0.6115720414599529,-0.09575130940515121,-0.6298046057306933
3523206,Itararé,-0.04315752481976113,-0.27496932765951115,-0.6176876417044763
3523305,Itariri,-0.10901657374033864,-0.3147275910947787,-0.6540385337831272
3523404,Itatiba,0.10337407276043366,-0.1789378298235572,-0.6025414366717051
3523503,Itatinga,-0.1022659414548446,-0.3128925943208433,-0.6510092927765729
3523602,Itirapina,-0.10730947145484886,-0.2712993341116403,-0.5389273755340662
3523701,Itirapuã,-0.13128668030817078,-0.2003461255194705,0.20626591207827613
3523800,Itobi,-0.1287439753852742,-0.31411592550346695,-0.6479800517700187
3523909,Itu,0.20886342146752146,-0.007671464256250749,-0.5722490266061627
3524006,Itupeva,-0.01613106433733422,-0.21686109648488933,-0.5813367496258255
3524105,Ituverava,-0.060146782261452016,-0.0009431427518208528,-0.2875003719900645
3524204,Jaborandi,-0.13053683164071267,-0.2651826781985222,-0.29961733601628143
3524303,Jaboticabal,0.011188555065614886,-0.03274975350003491,-0.47834255540298143
3524402,Jacareí,0.32845830109197977,0.12444830346709994,-0.5661905445930543
3524501,Jaci,-0.12982088570555983,-0.1452962223014077,0.49404380770092865
3524600,Jacupiranga,-0.10870347203610745,-0.3147275910947787,-0.6540385337831272
3524709,Jaguariúna,-0.024923837674629103,-0.026021431995605013,-0.4177577352718967
3524808,Jales,-0.046123016757288346,1.3263711903948041,0.9938685737823778
3524907,Jambeiro,-0.13080605922078406,-0.31411592550346695,-0.6479800517700187
3525003,Jandira,0.11031416149116312,-0.3116692631382197,-0.6570677747896814
3525102,Jardinópolis,-0.05359557781304791,-0.2908726330336182,-0.6298046057306933
3525201,Jarinu,-0.08225535228124133,-0.2492793728244152,-0.5510443395602831
3525300,Jaú,0.16162494969603045,0.12628330024103537,-0.5146934474816323
3525409,Jeriquara,-0.13815497501754787,-0.2902609674423064,-0.2632664439376306
3525508,Joanópolis,-0.1175939650135764,-0.3098342663642843,-0.6358630877438017
3525607,João Ramalho,-0.13529517983367834,-0.2553960287375333,-0.00881019938707469
3525706,José Bonifácio,-0.0692247374057855,1.3753044376997487,1.5633658830145745
3525805,Júlio Mesquita,-0.1348025930760662,-0.26701767497245765,-0.16027224971478654
3525854,Jumirim,-0.13750882882537652,-0.31411592550346695,-0.638892328750356
3525904,Jundiaí,0.7070042443425957,0.044931776596564804,-0.6146584006979221
3526001,Junqueirópolis,-0.10258702027255939,0.5672941915768495,1.4270500377196338
3526100,Juquiá,-0.10727556872254357,-0.31533925668609053,-0.6570677747896814
3526209,Juquitiba,-0.08091719149436792,-0.20279278788471775,-0.48137179640953565
3526308,Lagoinha,-0.13468692493055404,-0.3037176104511662,-0.5389273755340662
3526407,Laranjal Paulista,-0.08649518809777318,-0.2712993341116403,-0.5813367496258255
3526506,Lavínia,-0.11933297575300056,-0.2480560416417916,-0.3935238072194628
3526605,Lavrinhas,-0.12974310884909476,-0.3128925943208433,-0.6419215697569103
3526704,Leme,0.06552067500239461,-0.2621243502419632,-0.6328338467372475
3526803,Lençóis Paulista,-0.005754833973545315,-0.22603608035456646,-0.5934537136520425
3526902,Limeira,0.47536482300590366,0.06328174433591907,-0.5964829546585967
3527009,Lindóia,-0.12806791501753936,-0.2272594115371901,-0.1239213576361357
3527108,Lins,0.013081125239598293,0.7422305506920267,0.006336005645696496
3527207,Lorena,0.03412873916606919,-0.30310594485985437,-0.6510092927765729
3527256,Lourdes,-0.13981421462213606,-0.25111436959835065,0.7182076421859422
3527306,Louveira,-0.0427008350728252,-0.2425510513199853,-0.5873952316389339
3527405,Lucélia,-0.10050499365334055,-0.18566615132798708,-0.36626063816047466
3527504,Lucianópolis,-0.13961279250667524,-0.2841443115291883,-0.0178979224067374
3527603,Luís Antônio,-0.11325640955687048,0.07429172497953163,0.5788625558844473
3527702,Luiziânia,-0.13262085253830241,-0.11104294918794642,1.0514241529069084
3527801,Lupércio,-0.13523335720418045,-0.29148429862493,-0.3995822892325713
3527900,Lutécia,-0.1391919997704155,-0.16058786208420295,2.2661497965351574
3528007,Macatuba,-0.10999576442045018,-0.2688526717463931,-0.523781170501295
3528106,Macaubal,-0.12812176053355365,-0.26457101260721044,-0.34808519212114925
3528205,Macedônia,-0.1370720818621496,-0.26762934056376947,-0.014868681400183164
3528304,Magda,-0.13826864888468912,-0.24683271045916796,0.4425467105895066
3528403,Mairinque,-0.0492500452428584,-0.3092226007729725,-0.6510092927765729
3528502,Mairiporã,0.0622739898145706,-0.2896493018509946,-0.6449508107634645
3528601,Manduri,-0.12453604802267676,-0.3122809287295315,-0.6419215697569103
3528700,Marabá Paulista,-0.13237954485542358,-0.14651955348403134,0.7272953652056049
3528809,Maracaí,-0.11636548953710245,-0.30249427926854255,-0.6116291596913679
3528858,Marapoama,-0.13824671182260925,-0.2853676427118119,-0.17844769575411196
3528908,Mariápolis,-0.13625043917333907,-0.2290944083111255,0.3849911314649761
3529005,Marília,0.33868894913469305,0.3330262701044267,-0.523781170501295
3529104,Marinópolis,-0.14023301308002492,-0.19239447283241698,2.2419158684827236
3529203,Martinópolis,-0.09099428010252193,0.6107224485599879,1.0544533939134626
3529302,Matão,0.02323399642584648,1.281719602229042,0.2850261782486863
3529401,Mauá,0.8162707562841667,-0.2602893534680278,-0.6510092927765729
3529500,Mendonça,-0.1331792504821542,-0.02235143844773416,1.9177870807814201
3529609,Meridiano,-0.13681880850904538,-0.23765772658949083,0.35166948039287954
3529658,Mesópolis,-0.14062788019746297,-0.278639321207382,0.29714314227490324
3529708,Miguelópolis,-0.09959161415946868,-0.3122809287295315,-0.6510092927765729
3529807,Mineiros do Tietê,-0.11845150471306308,-0.27435766206819934,-0.5025764834554153
3529906,Miracatu,-0.10551262664266862,-0.3067759384077252,-0.6358630877438017
3530003,Mira Estrela,-0.13819087202822405,-0.22664774594587828,0.7485000522514845
3530102,Mirandópolis,-0.08490574823616646,0.05288342928361832,-0.045161091465725535
3530201,Mirante do Paranapanema,-0.10769835573717422,-0.2138027685283303,-0.3844360841998001
3530300,Mirassol,-0.023234683894477418,0.517749278680593,0.02148221067846768
3530409,Mirassolândia,-0.1345194055473985,-0.30738760399903703,-0.5783075086192713
3530508,Mococa,-0.006674196302529878,-0.30065928249460716,-0.6479800517700187
3530607,Mogi das Cruzes,0.7641443082256016,-0.2547843631462215,-0.6510092927765729
3530706,Mogi Guaçu,0.16298704182335466,1.0083050829126634,-0.23297403387208823
3530805,Mogi Mirim,0.043234614207595265,-0.22297775239800743,-0.6085999186848137
3530904,Mombuca,-0.13739714923660615,-0.31350425991215514,-0.6298046057306933
3531001,Monções,-0.13988800292185935,-0.16119952767551474,2.6993312604724133
3531100,Mongaguá,-0.027624090588826714,-0.3061642728164134,-0.6479800517700187
3531209,Monte Alegre do Sul,-0.12810780058495735,-0.31350425991215514,-0.6449508107634645
3531308,Monte Alto,-0.04263701816495642,0.6205090980209769,0.2517045271765897
3531407,Monte Aprazível,-0.0932677574453471,0.11588498518873462,0.17597350201273376
3531506,Monte Azul Paulista,-0.1066752909329029,-0.23643439540686723,-0.4510793863439933
3531605,Monte Castelo,-0.1361148282441179,-0.0321380879087231,2.708418983492076
3531704,Monteiro Lobato,-0.13497210673759263,-0.3128925943208433,-0.6328338467372475
3531803,Monte Mor,-0.021362056504203007,-0.2719109997029521,-0.6207168827110305
3531902,Morro Agudo,-0.07741922723181059,0.2614613959209451,0.19414894805205918
3532009,Morungaba,-0.11663072856043205,-0.31411592550346695,-0.6540385337831272
3532058,Motuca,-0.13478863312746991,-0.10003296854433387,1.5512489189883574
3532108,Murutinga do Sul,-0.13539888230896507,-0.1648695212233856,0.9908393327758236
3532157,Nantes,-0.13801138697484314,-0.31105759754690787,-0.5904244726454883
3532207,Narandiba,-0.13455131400133288,-0.26640600938114584,-0.166330731727895
3532306,Natividade da Serra,-0.13121289200844752,-0.31533925668609053,-0.6570677747896814
3532405,Nazaré Paulista,-0.10679893619189865,-0.3116692631382197,-0.6479800517700187
3532504,Neves Paulista,-0.12664001170397549,-0.04559473091758289,0.842406523454666
3532603,Nhandeara,-0.12133921979412522,0.06756340347510173,0.9817516097561609
3532702,Nipoã,-0.13369178002347532,-0.1440728911187841,0.9181375486185219
3532801,Nova Aliança,-0.13014196452327462,0.09141836153626227,2.157097120299205
3532827,Nova Campina,-0.12455599080638576,-0.31533925668609053,-0.6570677747896814
3532843,Nova Canaã Paulista,-0.14078542818876402,-0.28842597066837095,0.07297930778988972
3532868,Nova Castilho,-0.14185037283882423,-0.24866770723310339,1.902640875748649
3532900,Nova Europa,-0.12145089938289559,0.0167951593962216,0.7697047392973643
3533007,Nova Granada,-0.10080612968734634,0.37645452708756516,0.9090498255988592
3533106,Nova Guataporanga,-0.1397703404979763,-0.25845435669409234,0.5515993868254592
3533205,Nova Independência,-0.1361766508736158,0.08407837444052056,4.126103774559459
3533254,Novais,-0.1323436478447474,-0.2829209803465647,-0.39049456621290857
3533304,Nova Luzitânia,-0.13601312004720206,-0.1287812513359889,1.533073472949032
3533403,Nova Odessa,-0.021344107998864912,-0.0951396438138394,-0.48137179640953565
3533502,Novo Horizonte,-0.06113195577667625,1.016256735599717,0.9211667896250761
3533601,Nuporanga,-0.12942203003137998,-0.3092226007729725,-0.6176876417044763
3533700,Ocauçu,-0.13585956061264282,-0.31105759754690787,-0.6085999186848137
3533809,Óleo,-0.13954299276369378,-0.31533925668609053,-0.6570677747896814
3533908,Olímpia,-0.03378641075490546,0.7147055990829954,0.2638214912028066
3534005,Onda Verde,-0.13552452184633174,-0.14040289757091326,1.2846757104115847
3534104,Oriente,-0.13132257731884697,-0.18994781046716974,0.28805541925524053
3534203,Orindiúva,-0.12982886281904343,0.2198681357117421,2.9659044690491863
3534302,Orlândia,-0.055314645768763084,0.05655342283148917,-0.24509099789830519
3534401,Osasco,1.2544196972058492,-0.043148068552335654,-0.638892328750356
3534500,Oscar Bressane,-0.13923188533783348,-0.20523945024996498,1.4391670017458507
3534609,Osvaldo Cruz,-0.07837648084984225,0.23148978194666647,0.1608272969799626
3534708,Ourinhos,0.08519622540968681,0.7287739076831669,-0.20874010581965433
3534757,Ouroeste,-0.1230602820282113,-0.28842597066837095,-0.5328688935209577
3534807,Ouro Verde,-0.1271206327913622,-0.0015548083431326614,1.1332136600838727
3534906,Pacaembu,-0.11585295999578134,-0.05109972123938917,0.2577630091896982
3535002,Palestina,-0.11792900377988748,0.2895980131212883,1.596687534086671
3535101,Palmares Paulista,-0.11711932676130238,-0.1452962223014077,-0.0421318504591713
3535200,Palmeira d'Oeste,-0.1261294764410253,0.26084973032963327,2.45396273894152
3535309,Palmital,-0.09990671014207077,-0.2963776233554245,-0.6146584006979221
3535408,Panorama,-0.11262621759166631,-0.21624943089357754,-0.34808519212114925
3535507,Paraguaçu Paulista,-0.05232721676915598,1.1288032044010898,0.8908743795595337
3535606,Paraibuna,-0.10792370919308583,-0.30799926959034885,-0.6358630877438017
3535705,Paraíso,-0.13138838850508666,-0.2517260351896624,-0.17541845474755774
3535804,Paranapanema,-0.1033647888372101,-0.31411592550346695,-0.6540385337831272
3535903,Paranapuã,-0.13622251927614648,-0.040089740595776614,2.656921886380654
3536000,Parapuã,-0.12261755222987165,-0.22236608680669562,-0.23600327487864248
3536109,Pardinho,-0.131302634535138,-0.31350425991215514,-0.6419215697569103
3536208,Pariquera-Açu,-0.10494226302859143,-0.3128925943208433,-0.6510092927765729
3536257,Parisi,-0.14008144792383656,-0.2651826781985222,0.48495608468126594
3536307,Patrocínio Paulista,-0.11462647879767829,-0.15018954703190218,-0.10877515260336451
3536406,Paulicéia,-0.1293861330207038,0.10181667658856301,2.084395336141903
3536505,Paulínia,0.08393783575764938,2.927100042857808,0.7454708112449303
3536570,Paulistânia,-0.14076349112668413,-0.3037176104511662,-0.34202671010804075
3536604,Paulo de Faria,-0.12652833211520512,-0.11471294273581728,0.45163443360916933
3536703,Pederneiras,-0.049648900917038254,-0.28108598357262926,-0.6207168827110305
3536802,Pedra Bela,-0.13220404835878447,-0.31533925668609053,-0.6570677747896814
3536901,Pedranópolis,-0.13950111291790487,-0.2694643373377049,0.2638214912028066
3537008,Pedregulho,-0.1107675501499882,-0.23092940508506093,-0.408670012252234
3537107,Pedreira,-0.046719305990187227,-0.12082959864893536,-0.460167109363656
3537156,Pedrinhas Paulista,-0.13822278048215844,-0.31044593195559606,-0.5783075086192713
3537206,Pedro de Toledo,-0.12147483072334637,-0.31533925668609053,-0.6570677747896814
3537305,Penápolis,-0.01659373691938285,1.6548356129292454,0.8666404515070999
3537404,Pereira Barreto,-0.09319995198073652,-0.17771449864093358,-0.39049456621290857
3537503,Pereiras,-0.12672377139555327,-0.29943595131198353,-0.5692197855996085
3537602,Peruíbe,-0.005427772320717834,-0.2920959642162418,-0.6419215697569103
3537701,Piacatu,-0.13227185382339504,0.15808991098924943,3.1900683035341997
3537800,Piedade,-0.033279864048697046,-0.3116692631382197,-0.6540385337831272
3537909,Pilar do Sul,-0.0853684208182151,-0.31411592550346695,-0.6540385337831272
3538006,Pindamonhangaba,0.1983635458447368,-0.08657632553547408,-0.5904244726454883
3538105,Pindorama,-0.10976642240779676,-0.04559473091758289,0.1123594408750948
3538204,Pinhalzinho,-0.11338404337260805,-0.30249427926854255,-0.6176876417044763
3538303,Piquerobi,-0.1370321962947316,-0.2774159900247584,-0.15118452669512383
3538501,Piquete,-0.11751020532199863,-0.31105759754690787,-0.6419215697569103
3538600,Piracaia,-0.08934700616815913,-0.2988242857206717,-0.6267753647241391
3538709,Piracicaba,0.6737795666834139,0.5672941915768495,-0.5510443395602831
3538808,Piraju,-0.08473424029626912,-0.30249427926854255,-0.6358630877438017
3538907,Pirajuí,-0.09269340527452812,-0.26701767497245765,-0.5661905445930543
3539004,Pirangi,-0.12144092799104109,-0.1789378298235572,-0.06939501951815943
3539103,Pirapora do Bom Jesus,-0.10562829478818078,-0.3147275910947787,-0.6540385337831272
3539202,Pirapozinho,-0.0886350487897481,-0.02663309758691682,-0.14512604468201534
3539301,Pirassununga,0.009794554484356297,-0.2694643373377049,-0.6267753647241391
3539400,Piratininga,-0.11672246536549341,-0.2560076943288451,-0.4450209043308848
3539509,Pitangueiras,-0.06379431740182678,0.13851661206727153,-0.0996874295837018
3539608,Planalto,-0.1337137170855552,-0.043148068552335654,1.8541730196437811
3539707,Platina,-0.13723162413182152,-0.304329276042478,-0.5056057244619696
3539806,Poá,0.09333686971969764,-0.28781430507705913,-0.6449508107634645
3539905,Poloni,-0.13212627150231937,-0.07801300725710876,1.2483248183329338
3540002,Pompéia,-0.09989873302858718,-0.2272594115371901,-0.46319635037021023
3540101,Pongaí,-0.13767235965179025,-0.30188261367723074,-0.460167109363656
3540200,Pontal,-0.04128489742948672,-0.1306162481099243,-0.48137179640953565
3540259,Pontalinda,-0.13501199230501063,-0.17343283950175092,0.8333188004350033
3540309,Pontes Gestal,-0.13928573085384777,-0.26701767497245765,0.27290921422246933
3540408,Populina,-0.13617465659524491,-0.20401611906734135,0.6757982680941829
3540507,Porangaba,-0.12407138116225723,-0.3098342663642843,-0.6298046057306933
3540606,Porto Feliz,-0.037334231976735265,0.588090821681451,0.17597350201273376
3540705,Porto Ferreira,-0.03105225510840256,-0.262736015833275,-0.6116291596913679
3540754,Potim,-0.09336348280715026,-0.28903763625968276,-0.6055706776782593
3540804,Potirendaba,-0.10918808168023597,-0.109207952414011,-0.07848274253782214
3540853,Pracinha,-0.13579374942640315,-0.3049409416337898,-0.5389273755340662
3540903,Pradópolis,-0.1000722352468554,-0.24744437605047978,-0.5056057244619696
3541000,Praia Grande,0.5265599430652588,-0.2963776233554245,-0.6540385337831272
3541059,Pratânia,-0.1337117228071843,-0.31533925668609053,-0.6570677747896814
3541109,Presidente Alves,-0.13631226180283695,-0.31411592550346695,-0.6419215697569103
3541208,Presidente Bernardes,-0.11861104698273503,-0.20523945024996498,-0.23600327487864248
3541307,Presidente Epitácio,-0.055534016389562006,-0.0877996567180977,-0.40564077124567977
3541406,Presidente Prudente,0.31815585902791416,4.351057539431698,0.33955251636666256
3541505,Presidente Venceslau,-0.06535384308787001,0.23515977549453732,0.03056993369813039
3541604,Promissão,-0.06223678599415445,-0.21135610616308306,-0.5328688935209577
3541653,Quadra,-0.13664131773403532,-0.3147275910947787,-0.6479800517700187
3541703,Quatá,-0.11588686272808663,0.062058413153295446,0.6485350990351948
3541802,Queiroz,-0.13741709202031516,0.030863467996393203,4.223039486769195
3541901,Queluz,-0.11692588175932514,-0.27435766206819934,-0.5086349654685238
3542008,Quintana,-0.1309895328309068,0.0015035196134263822,1.672418559250527
3542107,Rafard,-0.12622320752445754,-0.28842597066837095,-0.511664206475078
3542206,Rancharia,-0.08510717035162728,-0.1440728911187841,-0.37231912017358315
3542305,Redenção da Serra,-0.13679088861185276,-0.3147275910947787,-0.6479800517700187
3542404,Regente Feijó,-0.10349441693131856,0.3244629518260614,0.8878451385529795
3542503,Reginópolis,-0.12438647714485931,-0.26090101905933955,-0.3874653252063543
3542602,Registro,-0.03182005228119878,-0.3116692631382197,-0.6540385337831272
3542701,Restinga,-0.12894340322236414,-0.2694643373377049,-0.36323139715392044
3542800,Ribeira,-0.13780198774589872,-0.3128925943208433,-0.6207168827110305
3542909,Ribeirão Bonito,-0.11774752444813565,0.019853487352780644,0.5849210378975558
3543006,Ribeirão Branco,-0.11254644645683035,-0.31411592550346695,-0.6540385337831272
3543105,Ribeirão Corrente,-0.1348783756541604,-0.3116692631382197,-0.6176876417044763
3543204,Ribeirão do Sul,-0.1353749509685143,-0.30861093518166066,-0.5843659906323797
3543238,Ribeirão dos Índios,-0.13999170539714612,-0.29943595131198353,-0.3026465770228357
3543253,Ribeirão Grande,-0.1290949683785525,-0.31411592550346695,-0.6479800517700187
3543303,Ribeirão Pires,0.10533644267739854,-0.3067759384077252,-0.6540385337831272
3543402,Ribeirão Preto,1.2916887714012149,4.253802710413121,-0.34202671010804075
3543501,Riversul,-0.1337256827557806,-0.31411592550346695,-0.6449508107634645
3543600,Rifaina,-0.13714188160513105,-0.31105759754690787,-0.5995121956651509
3543709,Rincão,-0.12283692285067058,-0.03336141909134672,0.6333888940024236
3543808,Rinópolis,-0.12459986493054553,0.13178829056284164,1.569424365027683
3543907,Rio Claro,0.273474052127916,-0.09208131585728035,-0.6055706776782593
3544004,Rio das Pedras,-0.07216430372449102,-0.31044593195559606,-0.6510092927765729
3544103,Rio Grande da Serra,-0.04070256814518413,-0.3147275910947787,-0.6570677747896814
3544202,Riolândia,-0.11878454920100326,-0.05171138683070098,0.357727962405988
3544251,Rosana,-0.1126561317672298,0.09631168626675674,0.6212719299762066
3544301,Roseira,-0.12270928903493303,-0.2920959642162418,-0.5510443395602831
3544400,Rubiácea,-0.13805127254226113,-0.24622104486785615,0.4152835415305185
3544509,Rubinéia,-0.1380592496557447,-0.2572310255114687,0.2456460451634812
3544608,Sabino,-0.1331792504821542,-0.3098342663642843,-0.6085999186848137
3544707,Sagres,-0.13958287833111174,-0.3012709480859189,-0.3692898791670289
3544806,Sales,-0.13149807381548612,-0.29943595131198353,-0.5358981345275119
3544905,Sales Oliveira,-0.12028624081429042,-0.28597930830312374,-0.5358981345275119
3545001,Salesópolis,-0.10979633658336026,-0.31533925668609053,-0.6570677747896814
3545100,Salmourão,-0.1337097285288134,-0.2682410061550813,-0.22388631085242552
3545159,Saltinho,-0.12747561434138227,-0.2602893534680278,-0.33596822809493226
3545209,Salto,0.0964439554215587,0.05104843250968289,-0.5056057244619696
3545308,Salto de Pirapora,-0.05211781754021155,-0.3092226007729725,-0.6510092927765729
3545407,Salto Grande,-0.12568475236431473,-0.24683271045916796,-0.2965880950097272
3545506,Sandovalina,-0.135638195713473,-0.27558099325082297,-0.20874010581965433
3545605,Santa Adélia,-0.1132344724947906,-0.1226645954228708,-0.04819033247227977
3545704,Santa Albertina,-0.1323855276905363,0.05533009164886555,2.3842901957907725
3545803,Santa Bárbara d'Oeste,0.24501569977518345,3.3381393202193435,0.2698799732159151
3546009,Santa Branca,-0.11465838725161268,-0.31105759754690787,-0.6419215697569103
3546108,Santa Clara d'Oeste,-0.1402130702963159,-0.2150260997109539,1.696652487302961
3546207,Santa Cruz da Conceição,-0.13528121988508202,-0.31044593195559606,-0.6055706776782593
3546256,Santa Cruz da Esperança,-0.14010338498591646,-0.304329276042478,-0.40564077124567977
3546306,Santa Cruz das Palmeiras,-0.0744198325619781,-0.24560937927654436,-0.5601320625799459
3546405,Santa Cruz do Rio Pardo,-0.04828481451134316,0.8150187560581319,0.5031315307205914
3546504,Santa Ernestina,-0.13330090146277906,-0.23031773949374912,0.09721323584232361
3546603,Santa Fé do Sul,-0.07901863848527181,0.3085596464519544,0.2850261782486863
3546702,Santa Gertrudes,-0.0888823393077396,-0.12755792015336526,-0.32385126406871534
3546801,Santa Isabel,-0.027699873166920887,-0.29148429862493,-0.6358630877438017
3546900,Santa Lúcia,-0.12669585149836066,0.08407837444052056,1.569424365027683
3547007,Santa Maria da Serra,-0.13186302675736067,-0.3092226007729725,-0.6085999186848137
3547106,Santa Mercedes,-0.13854585357824414,0.02597014326589873,5.07728545061749
3547205,Santana da Ponte Pensa,-0.14153527685622214,-0.23398773304162,2.1268047102336625
3547304,Santana de Parnaíba,0.14489295416418557,-0.23398773304162,-0.6298046057306933
3547403,Santa Rita d'Oeste,-0.1394851586909377,-0.18199615778011624,2.0086643109780473
3547502,Santa Rita do Passa Quatro,-0.08929914348725755,0.15503158303269038,0.18506122503239647
3547601,Santa Rosa de Viterbo,-0.09065724705783995,-0.1575295341276439,-0.36626063816047466
3547650,Santa Salete,-0.14131590623542323,-0.12694625456205347,5.331741695168045
3547700,Santo Anastácio,-0.10283231651218,-0.22420108358063104,-0.4419916633243306
3547809,Santo André,1.2992131836946177,-0.21991942444144838,-0.6510092927765729
3547908,Santo Antônio da Alegria,-0.1304151806600878,-0.2963776233554245,-0.523781170501295
3548005,Santo Antônio de Posse,-0.09707483485539381,-0.2015694567020941,-0.4207869762784509
3548054,Santo Antônio do Aracanguá,-0.12738986037143363,-0.09024631908334493,0.6485350990351948
3548104,Santo Antônio do Jardim,-0.1326048983113352,-0.31411592550346695,-0.6479800517700187
3548203,Santo Antônio do Pinhal,-0.1307761450452206,-0.3147275910947787,-0.6540385337831272
3548302,Santo Expedito,-0.13812306656361348,-0.17343283950175092,1.5663951240211287
3548401,Santópolis do Aguapeí,-0.13473877616819743,-0.20890944379783583,0.4274005055567354
3548500,Santos,0.7210758725276609,-0.0749546793005497,-0.6298046057306933
3548609,São Bento do Sapucaí,-0.12267139774588594,-0.31533925668609053,-0.6570677747896814
3548708,São Bernardo do Campo,1.5504623442523624,-0.21196777175439488,-0.6510092927765729
3548807,São Caetano do Sul,0.18017173854539367,-0.2547843631462215,-0.638892328750356
3548906,São Carlos,0.36793703572230174,0.9924017775385565,-0.40564077124567977
3549003,São Francisco,-0.13881308687994465,-0.08718799112678588,3.359705799901237
3549102,São João da Boa Vista,0.039678815872281864,-0.265794343789834,-0.6298046057306933
3549201,São João das Duas Pontes,-0.13932761069963664,-0.27496932765951115,0.12447640490131175
3549250,São João de Iracema,-0.1405501033409979,-0.19239447283241698,2.478196666993954
3549300,São João do Pau d'Alho,-0.1402449787502503,-0.19912279433684688,2.090453818155012
3549409,São Joaquim da Barra,-0.03925073349116946,-0.2988242857206717,-0.6419215697569103
3549508,São José da Bela Vista,-0.12649243510452896,-0.3092226007729725,-0.6237461237175848
3549607,São José do Barreiro,-0.1361646852033904,-0.31533925668609053,-0.6570677747896814
3549706,São José do Rio Pardo,-0.03414338658329643,-0.06272136747431353,-0.4298746992981136
3549805,São José do Rio Preto,0.7912385741726391,12.10942389963068,0.6545935810483032
3549904,São José dos Campos,1.3259783937104568,0.7232689173613607,-0.5873952316389339
3549953,São Lourenço da Serra,-0.11226126464979175,-0.31533925668609053,-0.6570677747896814
3550001,São Luiz do Paraitinga,-0.12309817331725839,-0.31105759754690787,-0.6358630877438017
3550100,São Manuel,-0.06208522083796611,-0.24866770723310339,-0.5783075086192713
3550209,São Miguel Arcanjo,-0.07847021193327451,-0.31411592550346695,-0.6540385337831272
3550308,São Paulo,24.577393565284044,6.992229562716088,-0.6267753647241391
3550407,São Pedro,-0.07203467563038257,-0.1520245438058376,-0.4329039403046679
3550506,São Pedro do Turvo,-0.12901918580045832,-0.2278710771285019,-0.09665818857714756
3550605,São Roque,0.04119646171253621,-0.2920959642162418,-0.6449508107634645
3550704,São Sebastião,0.03832669513681216,0.35626956257427544,-0.293558854003173
3550803,São Sebastião da Grama,-0.12021843534967984,-0.31350425991215514,-0.6510092927765729
3550902,São Simão,-0.11361936822037415,-0.30310594485985437,-0.6176876417044763
3551009,São Vicente,0.5951332048486302,-0.20890944379783583,-0.6419215697569103
3551108,Sarapuí,-0.12349702899143825,-0.31533925668609053,-0.6570677747896814
3551207,Sarutaiá,-0.13719772139951622,-0.27496932765951115,-0.10574591159681028
3551306,Sebastianópolis do Sul,-0.13725356119390142,-0.23949272336342625,0.3880203724715304
3551405,Serra Azul,-0.11392648708949264,-0.23215273626768457,-0.3874653252063543
3551504,Serrana,-0.05235513666634856,-0.2823093147552529,-0.6207168827110305
3551603,Serra Negra,-0.08525474695107382,-0.3049409416337898,-0.638892328750356
3551702,Sertãozinho,0.1117061677940508,1.7410804613042103,0.13659336892752869
3551801,Sete Barras,-0.11903383399736567,-0.31533925668609053,-0.6570677747896814
3551900,Severínia,-0.10888495136785928,-0.11777127069237632,-0.10877515260336451
3552007,Silveiras,-0.13170946732280142,-0.3147275910947787,-0.6510092927765729
3552106,Socorro,-0.0612815266544937,-0.28842597066837095,-0.6237461237175848
3552205,Sorocaba,1.2422545991433638,0.3587162249395227,-0.6085999186848137
3552304,Sud Mennucci,-0.12899126590326573,-0.221142755624072,-0.05424881448538824
3552403,Sumaré,0.43366845082714167,0.30121965935621264,-0.5510443395602831
3552502,Suzano,0.46063508295844163,-0.04131307177840023,-0.6116291596913679
3552551,Suzanápolis,-0.13632023891632056,-0.10431462768351653,1.914757839774866
3552601,Tabapuã,-0.11937286132041855,-0.19117114164979337,-0.166330731727895
3552700,Tabatinga,-0.11094504092499823,-0.2541726975549097,-0.4753133143964272
3552809,Taboão da Serra,0.4489306631996338,-0.26762934056376947,-0.6479800517700187
3552908,Taciba,-0.13171744443628502,-0.24560937927654436,-0.11483363461647299
3553005,Taguaí,-0.11567546922077131,-0.31350425991215514,-0.6510092927765729
3553104,Taiaçu,-0.1317673013955575,-0.31044593195559606,-0.6176876417044763
3553203,Taiúva,-0.13333081563834254,-0.2829209803465647,-0.3692898791670289
3553302,Tambaú,-0.09804604842202175,-0.3012709480859189,-0.6267753647241391
3553401,Tanabi,-0.09211107599022553,0.661490692638868,1.187739998201849
3553500,Tapiraí,-0.12901719152208743,-0.3147275910947787,-0.6540385337831272
3553609,Tapiratiba,-0.11861702981784772,-0.3147275910947787,-0.6540385337831272
3553658,Taquaral,-0.13880909832320285,-0.179549495414869,1.7330033793816118
3553708,Taquaritinga,-0.02965825452714397,0.02597014326589873,-0.36323139715392044
3553807,Taquarituba,-0.09797226012229848,-0.3092226007729725,-0.6449508107634645
3553856,Taquarivaí,-0.13252113861975745,-0.31044593195559606,-0.6176876417044763
3553906,Tarabai,-0.12924852781311175,-0.1783261642322454,0.23352908113726428
3553955,Tarumã,-0.11378888188190059,-0.25906602228540415,-0.4753133143964272
3554003,Tatuí,0.10313475935592575,-0.30065928249460716,-0.6510092927765729
3554102,Taubaté,0.49538139501461964,0.6266257539340948,-0.511664206475078
3554201,Tejupá,-0.13554446463004075,-0.31533925668609053,-0.6570677747896814
3554300,Teodoro Sampaio,-0.09776684945009585,1.9031718430018396,4.038255785369386
3554409,Terra Roxa,-0.12547335885699942,-0.24071605454604988,-0.2693249259507391
3554508,Tietê,-0.05877671302064422,-0.14223789434484868,-0.4571378683571018
3554607,Timburi,-0.13914413708951393,-0.31533925668609053,-0.6570677747896814
3554656,Torre de Pedra,-0.13957290693925725,-0.3147275910947787,-0.6449508107634645
3554706,Torrinha,-0.12428078039120165,-0.30799926959034885,-0.6207168827110305
3554755,Trabiju,-0.14092901623146875,-0.304329276042478,-0.345055951114595
3554805,Tremembé,-0.04824293466555427,-0.14040289757091326,-0.47834255540298143
3554904,Três Fronteiras,-0.13274449779729816,-0.13428624165779515,0.8726989335202083
3554953,Tuiuti,-0.13034737519547723,-0.31533925668609053,-0.6570677747896814
3555000,Tupã,-0.013568416630728657,1.5777657484239573,0.7727339803039185
3555109,Tupi Paulista,-0.11317264986529271,0.4853310023410671,1.8723484656831066
3555208,Turiúba,-0.14038657251458417,-0.28781430507705913,0.015423728665359206
3555307,Turmalina,-0.1410985298929952,-0.25050270400703883,1.2695295053788134
3555356,Ubarana,-0.13148411386688982,0.01740682498753341,1.8814361887027693
3555406,Ubatuba,0.0406839321712151,-0.21196777175439488,-0.6025414366717051
3555505,Ubirajara,-0.1347946159625826,-0.31411592550346695,-0.6449508107634645
3555604,Uchoa,-0.12409930105944982,-0.14468455671009592,0.17294426100617954
3555703,União Paulista,-0.14066178292976825,-0.28353264593787647,0.179002743019288
3555802,Urânia,-0.12622520180282845,0.6994139593002001,4.8500923751259215
3555901,Uru,-0.14214552603771732,-0.31350425991215514,-0.5783075086192713
3556008,Urupês,-0.11657289448767598,-0.262736015833275,-0.4692548323833187
3556107,Valentim Gentil,-0.11703756134809551,-0.16792784917994463,-0.1239213576361357
3556206,Valinhos,0.12115306443700066,0.37523119590494153,-0.3995822892325713
3556305,Valparaíso,-0.09027035705388549,-0.14957788144059037,-0.35414367413425774
3556354,Vargem,-0.12280102583999439,-0.31533925668609053,-0.6570677747896814
3556404,Vargem Grande do Sul,-0.05793512754812472,-0.3098342663642843,-0.6510092927765729
3556453,Vargem Grande Paulista,-0.03610376222189041,-0.3067759384077252,-0.6479800517700187
3556503,Várzea Paulista,0.10340398693599714,0.15380825185006675,-0.4692548323833187
3556602,Vera Cruz,-0.12287680841808857,0.3599395561221463,2.438816533908749
3556701,Vinhedo,0.018142603744940644,-0.18016116100618082,-0.575278267612717
3556800,Viradouro,-0.10626646386686854,-0.12939291692730068,-0.17541845474755774
3556909,Vista Alegre do Alto,-0.12614941922473427,-0.22603608035456646,-0.17541845474755774
3556958,Vitória Brasil,-0.14072958839437882,-0.26457101260721044,0.7000321961466168
3557006,Votorantim,0.10380084833180611,0.08836003357970322,-0.49651800144230684
3557105,Votuporanga,0.047239125176360995,5.833734932771522,2.5115183180660505
3557154,Zacarias,-0.1388709209527007,-0.2419393857286735,0.6485350990351948
3557204,Chavantes,-0.11965804312745715,-0.24622104486785615,-0.38140684319324586
